,property_type,places,currency,price_aprox_usd,surface_total_in_m2,price_usd_per_m2,latitude,longitude,has_garden
15,apartment,MiguelHidalgo,USD,1016611.0,149.0,6823.0,19.407269,-99.190754,No
25,apartment,MiguelHidalgo,USD,1750000.0,734.0,2384.0,19.420166,-99.220367,No
28,apartment,MiguelHidalgo,USD,1125000.0,260.0,4327.0,19.430456,-99.1889121,No
47,apartment,MiguelHidalgo,MXN,1053980.0,190.0,5547.0,19.430456,-99.1889121,No
70,house,MiguelHidalgo,USD,4000000.0,713.0,5610.0,19.420166,-99.220367,Yes
88,apartment,MiguelHidalgo,USD,1673373.0,228.0,7339.0,19.407269,-99.190754,No
105,house,Cuajimalpa,MXN,2160658.0,700.0,3087.0,19.390415,-99.254997,No
128,apartment,MiguelHidalgo,USD,1350000.0,350.0,3857.0,19.4011351582,-99.2554439631,No
138,house,AlvaroObregon,MXN,1577960.0,1084.0,1456.0,19.326543,-99.195963,No
139,apartment,MiguelHidalgo,MXN,1027630.0,297.0,3460.0,19.407269,-99.190754,Yes
184,apartment,Cuajimalpa,MXN,1106679.0,555.0,1994.0,19.35735,-99.299792,No
189,apartment,MiguelHidalgo,USD,1256606.0,206.0,6100.0,19.407269,-99.190754,No
192,house,MiguelHidalgo,USD,3350000.0,1100.0,3045.0,19.4122137,-99.2153341,No
203,house,Cuajimalpa,MXN,1132759.0,682.0,1661.0,19.395424,-99.258068,No
223,house,MiguelHidalgo,MXN,1185727.0,450.0,2635.0,19.4010793,-99.2480728,No
240,apartment,MiguelHidalgo,USD,1450000.0,220.0,6591.0,19.407269,-99.190754,No
246,house,AlvaroObregon,USD,2000000.0,1332.0,1502.0,19.3472426513,-99.1838417575,Yes
273,apartment,MiguelHidalgo,USD,1850000.0,400.0,4625.0,19.396714267,-99.2374929786,No
282,house,MiguelHidalgo,MXN,1028495.0,232.0,4433.0,19.4326577,-99.1774462,No
298,apartment,AlvaroObregon,USD,1500000.0,350.0,4286.0,19.371342,-99.253616,No
300,house,MiguelHidalgo,MXN,1014917.0,600.0,1692.0,19.407269,-99.190754,No
353,house,AlvaroObregon,USD,3000000.0,1250.0,2400.0,19.320575,-99.20929,Yes
370,house,MiguelHidalgo,USD,1350000.0,700.0,1929.0,19.402305,-99.240641,No
375,apartment,MiguelHidalgo,USD,1215000.0,256.0,4746.0,19.4368736,-99.1973268,Yes
377,house,MiguelHidalgo,USD,9000000.0,1200.0,7500.0,19.3818873,-99.2202827,No
409,house,MiguelHidalgo,MXN,1211789.0,920.0,1317.0,19.405625,-99.237868,No
425,house,MiguelHidalgo,USD,2500000.0,1100.0,2273.0,19.420166,-99.220367,Yes
441,apartment,MiguelHidalgo,USD,2500000.0,325.0,7692.0,19.407269,-99.190754,No
451,apartment,MiguelHidalgo,MXN,1027386.0,180.0,5708.0,23.634501,-102.552788,No
459,house,AlvaroObregon,MXN,1501921.0,420.0,3576.0,19.390806,-99.195413,No
497,house,AlvaroObregon,MXN,1085599.0,800.0,1357.0,19.3228543,-99.2059887,Yes
531,house,AlvaroObregon,MXN,1475222.0,750.0,1967.0,19.353921,-99.190427,No
590,apartment,MiguelHidalgo,USD,2513000.0,349.0,7201.0,19.433077,-99.198212,No
623,house,MiguelHidalgo,USD,2000000.0,413.0,4843.0,19.420166,-99.220367,No
704,house,AlvaroObregon,USD,3400000.0,926.0,3672.0,19.320661,-99.204251,No
724,house,Tlalpan,MXN,1264476.0,780.0,1621.0,19.303358,-99.203,No
801,apartment,MiguelHidalgo,MXN,1212076.0,420.0,2886.0,19.4318149,-99.1940586,No
807,house,MiguelHidalgo,USD,2300000.0,1000.0,2300.0,19.430925,-99.209978,No
809,house,MiguelHidalgo,USD,1500000.0,1100.0,1364.0,19.4032760464,-99.2538713053,Yes
819,apartment,MiguelHidalgo,USD,1939140.0,317.0,6117.0,19.407269,-99.190754,Yes
855,house,AlvaroObregon,MXN,1106416.0,750.0,1475.0,19.3559202,-99.1802147,No
860,house,MiguelHidalgo,USD,17890000.0,630.0,28397.0,19.4010793,-99.2480728,No
866,apartment,MiguelHidalgo,MXN,1264476.0,240.0,5269.0,19.429747,-99.18823,No
925,house,Tlalpan,MXN,197621.0,1850.0,107.0,19.199665,-99.153915,Yes
946,house,Tlalpan,MXN,1159103.0,800.0,1449.0,19.297926,-99.203158,No
948,house,MiguelHidalgo,USD,1990000.0,580.0,3431.0,19.401079,-99.24807,No
965,house,MiguelHidalgo,MXN,1185727.0,560.0,2117.0,19.394116,-99.251255,No
1028,apartment,MiguelHidalgo,USD,1370000.0,500.0,2740.0,19.4223,-99.228164,No
1055,apartment,MiguelHidalgo,USD,1256606.0,206.0,6100.0,19.407269,-99.190754,Yes
1065,apartment,Cuajimalpa,MXN,8429837.0,350.0,24085.0,19.3470575,-99.2965778,No
1066,apartment,MiguelHidalgo,USD,1500000.0,410.0,3659.0,19.401079,-99.24807,No
1095,apartment,MiguelHidalgo,USD,2108620.0,482.0,4375.0,19.407269,-99.190754,No
1103,house,MiguelHidalgo,USD,2000000.0,750.0,2667.0,19.420166,-99.220367,No
1142,house,MiguelHidalgo,USD,1150000.0,523.0,2199.0,19.401079,-99.24807,Yes
1169,house,Cuajimalpa,USD,4950000.0,850.0,5824.0,19.390415,-99.254997,No
1191,house,Coyoacan,MXN,1422872.0,830.0,1714.0,19.34189,-99.166374,No
1195,apartment,MiguelHidalgo,USD,1800000.0,363.0,4959.0,19.4278087,-99.1871851,No
1225,house,AlvaroObregon,MXN,1211789.0,1080.0,1122.0,19.355921,-99.180214,Yes
1237,house,AlvaroObregon,MXN,1264476.0,245.0,5161.0,19.356901,-99.218987,No
1242,apartment,MiguelHidalgo,USD,2850000.0,816.0,3493.0,19.420166,-99.220367,No
1249,apartment,MiguelHidalgo,USD,1500000.0,250.0,6000.0,19.4286178094,-99.2177017843,No
1260,house,Cuajimalpa,MXN,1101409.0,760.0,1449.0,19.390415,-99.254997,Yes
1269,apartment,MiguelHidalgo,USD,1800000.0,313.0,5751.0,19.430472,-99.188524,No
1304,house,AlvaroObregon,MXN,1844027.0,1000.0,1844.0,19.390806,-99.195413,No
1320,house,MiguelHidalgo,USD,1100000.0,630.0,1746.0,19.407269,-99.190754,Yes
1352,house,GustavoAMadero,MXN,1043192.0,538.0,1939.0,19.49198,-99.13209,No
1383,house,Cuajimalpa,USD,1800000.0,820.0,2195.0,19.3931419,-99.2597205,No
1402,apartment,Cuajimalpa,USD,1700000.0,424.0,4009.0,19.392937,-99.263313,Yes
1420,house,GustavoAMadero,MXN,1001043.0,600.0,1668.0,19.493973,-99.130394,No
1465,house,AlvaroObregon,USD,2600000.0,738.0,3523.0,19.368239479,-99.2512178421,No
1469,apartment,MiguelHidalgo,USD,1126356.0,162.0,6953.0,19.435359,-99.210742,No
1503,house,MiguelHidalgo,USD,3500000.0,1265.0,2767.0,19.420166,-99.220367,No
1533,apartment,Cuajimalpa,USD,1500000.0,450.0,3333.0,19.3843018,-99.2656696,No
1563,house,AlvaroObregon,MXN,1580595.0,1000.0,1581.0,19.332015,-99.201427,No
1573,house,AlvaroObregon,MXN,2187008.0,1508.0,1450.0,19.331967025,-99.2575089633,Yes
1586,apartment,MiguelHidalgo,USD,3400000.0,800.0,4250.0,19.398433,-99.231003,No
1638,apartment,MiguelHidalgo,MXN,1630647.0,284.0,5742.0,19.407269,-99.190754,No
1644,house,MiguelHidalgo,USD,1700000.0,809.0,2101.0,19.396778,-99.228292,No
1671,apartment,MiguelHidalgo,USD,1190000.0,162.0,7346.0,19.4316766,-99.2001362,No
1729,house,MiguelHidalgo,MXN,1738654.0,600.0,2898.0,19.4010793,-99.2480728,No
1750,apartment,MiguelHidalgo,USD,3400000.0,800.0,4250.0,19.397443,-99.232371,No
1758,house,BenitoJuarez,MXN,1918243.0,480.0,3996.0,19.375412,-99.144234,No
1776,apartment,MiguelHidalgo,MXN,1897163.0,350.0,5420.0,19.407269,-99.190754,No
1789,store,BenitoJuarez,USD,4000000.0,500.0,8000.0,19.363572,-99.090313,No
1794,house,AlvaroObregon,USD,1600000.0,525.0,3048.0,19.346523,-99.191292,Yes
1795,apartment,MiguelHidalgo,USD,1696454.0,228.0,7441.0,19.407269,-99.190754,No
1825,house,Cuajimalpa,USD,1100000.0,974.0,1129.0,19.35735,-99.299792,Yes
1831,house,MiguelHidalgo,USD,850000.0,1890.0,450.0,19.401079,-99.24807,Yes
1842,apartment,MiguelHidalgo,USD,1443000.0,195.0,7400.0,19.438316,-99.210794,No
1863,house,AlvaroObregon,MXN,1844027.0,855.0,2157.0,19.306521,-99.202397,No
1873,apartment,Cuajimalpa,USD,2900000.0,500.0,5800.0,19.35735,-99.299792,No
1891,house,Tlalpan,MXN,1475571.0,4000.0,369.0,19.267261,-99.146568,Yes
1892,apartment,MiguelHidalgo,USD,5868000.0,500.0,11736.0,19.407269,-99.190754,No
1898,house,MiguelHidalgo,USD,2250000.0,755.0,2980.0,19.401079,-99.24807,No
1899,apartment,BenitoJuarez,USD,1185015.0,252.0,4702.0,19.3655578,-99.1801033,No
1914,house,AlvaroObregon,USD,1380000.0,490.0,2816.0,19.382986,-99.241837,No
1915,apartment,Cuajimalpa,USD,1080000.0,368.0,2935.0,19.35735,-99.299792,No
1933,apartment,Cuajimalpa,USD,1900000.0,740.0,2568.0,19.3631419,-99.2880597,No
1953,apartment,MiguelHidalgo,USD,1100000.0,176.0,6250.0,19.4332386,-99.1933503,No
1961,apartment,MiguelHidalgo,MXN,1238426.0,218.0,5681.0,19.407269,-99.190754,No
1983,apartment,MiguelHidalgo,USD,1006200.0,172.0,5850.0,19.407269,-99.190754,No
1987,apartment,MiguelHidalgo,USD,1146469.0,174.0,6589.0,19.407269,-99.190754,Yes
2053,apartment,Cuajimalpa,USD,1150000.0,257.0,4475.0,19.392937,-99.263313,No
2086,house,MiguelHidalgo,USD,2200000.0,998.0,2204.0,19.3960473,-99.2529911,Yes
2101,house,AlvaroObregon,USD,2630000.0,930.0,2828.0,19.351912,-99.190111,No
2115,apartment,Cuajimalpa,USD,2800000.0,450.0,6222.0,19.390415,-99.254997,No
2148,apartment,Cuajimalpa,USD,3300000.0,700.0,4714.0,19.3770400205,-99.2793354392,No
2157,apartment,MiguelHidalgo,USD,1146320.0,178.0,6440.0,19.407269,-99.190754,No
2207,house,MiguelHidalgo,MXN,1501565.0,582.0,2580.0,19.40403,-99.233528,Yes
2234,house,AlvaroObregon,MXN,1764997.0,650.0,2715.0,19.331152,-99.203902,No
2241,apartment,MiguelHidalgo,USD,2502120.0,248.0,10089.0,19.407269,-99.190754,No
2253,apartment,MiguelHidalgo,USD,1988000.0,451.0,4408.0,23.634501,-102.552788,No
2299,apartment,MiguelHidalgo,USD,2426000.0,246.0,9862.0,19.435289,-99.194838,No
2322,house,MiguelHidalgo,MXN,1043192.0,810.0,1288.0,19.403783,-99.252435,No
2327,house,Cuajimalpa,USD,1150000.0,600.0,1917.0,19.390415,-99.254997,No
2332,house,Cuajimalpa,USD,1500000.0,915.0,1639.0,19.3451266,-99.3092749,No
2360,apartment,MiguelHidalgo,USD,1248000.0,320.0,3900.0,19.433471,-99.203071,No
2364,house,AlvaroObregon,USD,2300000.0,1438.0,1599.0,19.390806,-99.195413,Yes
2366,apartment,MiguelHidalgo,USD,1902432.0,346.0,5498.0,19.4338054,-99.1922219,No
2405,apartment,Cuajimalpa,USD,1300000.0,350.0,3714.0,19.390415,-99.254997,No
2410,house,MiguelHidalgo,MXN,1844027.0,1300.0,1418.0,19.4104149313,-99.2419586651,Yes
2424,house,MagdalenaContreras,USD,7000000.0,2700.0,2593.0,19.304898,-99.241515,Yes
2433,house,MiguelHidalgo,USD,2150000.0,747.0,2878.0,19.3964084,-99.2436829,No
2448,house,MiguelHidalgo,MXN,1106416.0,430.0,2573.0,19.4167368,-99.2323872,Yes
2464,apartment,MiguelHidalgo,MXN,1264476.0,490.0,2581.0,23.634501,-102.552788,No
2488,apartment,MiguelHidalgo,USD,1500000.0,215.0,6977.0,19.4284926629,-99.1900420189,No
2498,apartment,Cuajimalpa,USD,1750000.0,395.0,4430.0,19.392341,-99.255064,No
2505,house,MagdalenaContreras,MXN,1738654.0,695.0,2502.0,19.326623,-99.233629,No
2512,apartment,Cuajimalpa,USD,1499000.0,426.0,3519.0,19.391707,-99.256984,No
2521,house,Tlalpan,MXN,471656.0,3150.0,150.0,19.2466495,-99.1906668,Yes
2528,apartment,MiguelHidalgo,USD,1200000.0,450.0,2667.0,19.4344798,-99.1995969,Yes
2529,house,MiguelHidalgo,MXN,1844464.0,1287.0,1433.0,19.4107308,-99.2397431,Yes
2554,apartment,MiguelHidalgo,USD,1500000.0,300.0,5000.0,19.407269,-99.190754,No
2560,apartment,MiguelHidalgo,USD,1400000.0,280.0,5000.0,19.4282002,-99.1862648,No
2568,house,MiguelHidalgo,MXN,1427628.0,300.0,4759.0,19.436547,-99.172838,No
2609,house,AlvaroObregon,MXN,2107959.0,1000.0,2108.0,19.3605334,-99.2267067,No
2611,house,AlvaroObregon,MXN,1685967.0,647.0,2606.0,19.321035,-99.2047356,Yes
2626,apartment,MiguelHidalgo,USD,1200000.0,170.0,7059.0,19.429273,-99.191393,No
2642,house,MiguelHidalgo,MXN,1686367.0,1000.0,1686.0,19.4010793,-99.2480728,No
2689,apartment,MiguelHidalgo,USD,1053676.0,229.0,4601.0,23.634501,-102.552788,No
2697,house,MiguelHidalgo,USD,2700000.0,605.0,4463.0,19.4095028,-99.2272939,No
2711,store,GustavoAMadero,USD,4000000.0,500.0,8000.0,19.486397,-99.117309,No
2712,apartment,Cuajimalpa,MXN,1840298.0,426.0,4320.0,19.3782794,-99.2768399,No
2733,house,Tlalpan,USD,2000000.0,640.0,3125.0,19.271481,-99.175369,Yes
2757,house,Cuauhtemoc,MXN,1106679.0,870.0,1272.0,19.4468279,-99.1594532,Yes
2773,house,Tlalpan,USD,1130000.0,484.0,2335.0,19.284221,-99.168132,No
2786,apartment,MiguelHidalgo,USD,2174208.0,340.0,6395.0,23.634501,-102.552788,No
2790,apartment,Cuajimalpa,MXN,1053980.0,390.0,2703.0,19.3935344356,-99.2650692265,Yes
2799,apartment,MiguelHidalgo,USD,1364000.0,200.0,6820.0,19.4332386,-99.1933503,No
2809,house,MiguelHidalgo,MXN,1312205.0,1778.0,738.0,19.407269,-99.190754,Yes
2832,house,AlvaroObregon,MXN,2002086.0,1200.0,1668.0,19.390806,-99.195413,No
2853,house,Cuajimalpa,USD,6500000.0,1153.0,5637.0,19.390415,-99.254997,No
2951,house,Coyoacan,MXN,1043192.0,1750.0,596.0,19.3395,-99.172601,No
2973,apartment,MiguelHidalgo,USD,1100000.0,420.0,2619.0,19.401079,-99.24807,No
2982,apartment,MiguelHidalgo,USD,1350000.0,500.0,2700.0,19.407269,-99.190754,Yes
3007,apartment,AlvaroObregon,MXN,1807673.0,360.0,5021.0,19.383531,-99.233933,No
3010,apartment,MiguelHidalgo,USD,1300000.0,199.0,6533.0,19.407269,-99.190754,No
3016,apartment,MiguelHidalgo,MXN,1001281.0,300.0,3338.0,19.4370357,-99.2117591,No
3035,apartment,Cuajimalpa,USD,1200000.0,553.0,2170.0,19.390415,-99.254997,No
3042,apartment,MiguelHidalgo,USD,2200000.0,300.0,7333.0,19.407269,-99.190754,No
3065,apartment,MiguelHidalgo,USD,1750000.0,407.0,4300.0,19.407269,-99.190754,No
3124,apartment,MiguelHidalgo,USD,1100000.0,240.0,4583.0,19.407269,-99.190754,No
3141,apartment,MiguelHidalgo,MXN,1407414.0,420.0,3351.0,19.407269,-99.190754,No
3151,house,MiguelHidalgo,USD,4600000.0,690.0,6667.0,19.410678,-99.234444,No
3156,apartment,MiguelHidalgo,USD,1490000.0,250.0,5960.0,19.407269,-99.190754,No
3166,apartment,MiguelHidalgo,USD,1400000.0,280.0,5000.0,19.4318149,-99.1940586,No
3181,apartment,MiguelHidalgo,USD,1610000.0,255.0,6314.0,19.407269,-99.190754,Yes
3288,house,MiguelHidalgo,MXN,1580969.0,773.0,2045.0,19.4064039,-99.1873154,Yes
3300,house,AlvaroObregon,MXN,1686367.0,1002.0,1683.0,19.390806,-99.195413,Yes
3303,apartment,MiguelHidalgo,USD,2000000.0,450.0,4444.0,19.400524,-99.230064,No
3331,house,AlvaroObregon,MXN,1317474.0,750.0,1757.0,19.390806,-99.195413,No
3338,house,MiguelHidalgo,USD,10000000.0,4500.0,2222.0,19.395209,-99.230157,No
3367,house,MiguelHidalgo,MXN,1327699.0,200.0,6638.0,19.420166,-99.220367,No
3383,apartment,MiguelHidalgo,USD,1450000.0,447.0,3244.0,19.401079,-99.24807,No
3392,apartment,MiguelHidalgo,USD,1433500.0,282.0,5083.0,19.407269,-99.190754,Yes
3397,store,Cuauhtemoc,MXN,2002561.0,700.0,2861.0,19.441646,-99.151884,No
3411,house,MiguelHidalgo,USD,4000000.0,522.0,7663.0,19.422887,-99.224602,No
3438,apartment,Cuajimalpa,USD,2950000.0,795.0,3711.0,19.382275,-99.270241,No
3442,apartment,MiguelHidalgo,USD,1500000.0,316.0,4747.0,19.3942860307,-99.264868657,No
3477,house,MiguelHidalgo,MXN,1317474.0,830.0,1587.0,19.401079,-99.24807,No
3484,house,AlvaroObregon,MXN,1896713.0,1140.0,1664.0,19.320576,-99.20929,No
3498,house,Tlalpan,MXN,526990.0,2860.0,184.0,19.288275,-99.167125,Yes
3504,apartment,Cuauhtemoc,MXN,1580595.0,250.0,6322.0,19.434776,-99.151519,No
3527,house,MiguelHidalgo,USD,3600000.0,540.0,6667.0,19.407269,-99.190754,No
3551,house,AlvaroObregon,MXN,1264476.0,422.0,2996.0,19.311148,-99.20932,No
3554,house,AlvaroObregon,MXN,1839194.0,1000.0,1839.0,19.3172544,-99.2037972,No
3570,apartment,MiguelHidalgo,USD,2124523.0,293.0,7251.0,19.407269,-99.190754,No
3580,house,Xochimilco,MXN,553339.0,1700.0,325.0,19.2729101995,-99.1381273264,Yes
3619,house,AlvaroObregon,MXN,1369849.0,900.0,1522.0,19.346523,-99.191292,No
3620,house,Cuajimalpa,USD,1800000.0,800.0,2250.0,19.389987,-99.25632,No
3671,house,Tlalpan,MXN,1370173.0,1400.0,979.0,19.2929574924,-99.1691724211,No
3768,apartment,Cuajimalpa,MXN,2371454.0,682.0,3477.0,19.3748723,-99.2731774,No
3774,apartment,MiguelHidalgo,MXN,1422872.0,410.0,3470.0,19.4344523,-99.2040853,No
3780,apartment,MiguelHidalgo,USD,1300000.0,360.0,3611.0,19.420166,-99.220367,No
3789,house,MiguelHidalgo,MXN,1212076.0,784.0,1546.0,19.401079,-99.24807,Yes
3836,house,Cuajimalpa,USD,1600000.0,800.0,2000.0,19.35735,-99.299792,No
3940,apartment,MiguelHidalgo,USD,1810000.0,357.0,5070.0,19.4332386,-99.1933503,No
3950,apartment,MiguelHidalgo,USD,2000000.0,324.0,6173.0,19.4269193206,-99.1954386234,No
3968,house,MiguelHidalgo,USD,2150000.0,721.0,2982.0,19.420166,-99.220367,Yes
3988,house,MiguelHidalgo,USD,1800000.0,1223.0,1472.0,19.401079,-99.24807,No
4021,house,AlvaroObregon,USD,1200000.0,590.0,2034.0,19.351751,-99.189513,No
4023,apartment,MiguelHidalgo,MXN,2371454.0,390.0,6081.0,19.4282852,-99.1831702,No
4036,apartment,MiguelHidalgo,USD,1370000.0,215.0,6372.0,19.407269,-99.190754,No
4041,house,Tlalpan,MXN,1738654.0,3287.0,529.0,19.288275,-99.167125,No
4049,apartment,MiguelHidalgo,USD,1120000.0,492.0,2276.0,19.401079,-99.24807,No
4056,house,Tlalpan,MXN,1053980.0,443.0,2379.0,19.301781,-99.20237,No
4073,house,AlvaroObregon,MXN,1686367.0,1638.0,1030.0,19.320576,-99.20929,Yes
4076,house,AlvaroObregon,MXN,1085342.0,498.0,2179.0,19.328376,-99.201215,No
4093,apartment,Cuajimalpa,USD,1700000.0,350.0,4857.0,19.3779901,-99.2820233,No
4102,apartment,MiguelHidalgo,USD,1700000.0,264.0,6439.0,19.407269,-99.190754,Yes
4228,house,MiguelHidalgo,MXN,1159103.0,700.0,1656.0,19.407269,-99.190754,Yes
4272,house,MiguelHidalgo,MXN,1422872.0,800.0,1779.0,19.413594,-99.2320755,No
4309,house,MiguelHidalgo,USD,1490000.0,1000.0,1490.0,19.407269,-99.190754,No
4325,house,GustavoAMadero,MXN,1427967.0,150.0,9520.0,19.570318,-99.135933,No
4337,apartment,MiguelHidalgo,USD,2123000.0,330.0,6433.0,19.435239,-99.210844,No
4340,apartment,MiguelHidalgo,MXN,1472936.0,239.0,6163.0,19.407269,-99.190754,No
4362,house,Coyoacan,MXN,2002561.0,1734.0,1155.0,19.347502,-99.171906,Yes
4377,house,MiguelHidalgo,MXN,1844464.0,575.0,3208.0,19.3897807327,-99.2582365125,No
4401,house,MiguelHidalgo,MXN,1159378.0,900.0,1288.0,19.407269,-99.190754,No
4472,apartment,MiguelHidalgo,USD,1121250.0,299.0,3750.0,19.4339975,-99.1909529,No
4490,apartment,Cuajimalpa,USD,1200000.0,560.0,2143.0,19.390415,-99.254997,No
4492,apartment,MiguelHidalgo,USD,2150000.0,300.0,7167.0,23.634501,-102.552788,No
4493,apartment,MiguelHidalgo,MXN,1370173.0,225.0,6090.0,19.4325773,-99.1880862,No
4494,store,Iztapalapa,USD,4000000.0,500.0,8000.0,19.363572,-99.090313,No
4510,apartment,MiguelHidalgo,USD,1500000.0,325.0,4615.0,19.401079,-99.24807,No
4513,apartment,Cuajimalpa,USD,4500000.0,700.0,6429.0,19.3433082,-99.2785732,No
4531,house,AlvaroObregon,USD,1620000.0,650.0,2492.0,19.371342,-99.253616,No
4534,house,Cuauhtemoc,MXN,1106679.0,870.0,1272.0,19.446829,-99.159454,Yes
4540,house,MagdalenaContreras,MXN,1053980.0,1387.0,760.0,19.327168,-99.224525,Yes
4551,apartment,MiguelHidalgo,USD,2124523.0,272.0,7811.0,19.430456,-99.1889121,No
4553,apartment,MiguelHidalgo,USD,1390000.0,330.0,4212.0,19.435038,-99.192462,No
4565,apartment,MiguelHidalgo,MXN,1053730.0,200.0,5269.0,19.4303825,-99.1869673,No
4566,apartment,Cuajimalpa,USD,3350000.0,450.0,7444.0,19.35735,-99.299792,No
4585,house,AlvaroObregon,MXN,1317474.0,1320.0,998.0,19.320576,-99.20929,Yes
4593,house,MiguelHidalgo,MXN,1106416.0,398.0,2780.0,19.420166,-99.220367,No
4632,apartment,Cuajimalpa,USD,1500000.0,325.0,4615.0,19.3631419,-99.2880597,No
4649,house,AlvaroObregon,USD,3000000.0,1200.0,2500.0,19.320576,-99.20929,No
4664,store,Coyoacan,MXN,6243538.0,5004.0,1248.0,19.310879,-99.138695,Yes
4699,house,GustavoAMadero,MXN,1043440.0,585.0,1784.0,19.493973,-99.130394,No
4701,apartment,MiguelHidalgo,USD,1250000.0,285.0,4386.0,19.407269,-99.190754,No
4794,apartment,MiguelHidalgo,USD,2500000.0,340.0,7353.0,19.2464696,-99.1013498,No
4866,house,Tlalpan,MXN,922013.0,1450.0,636.0,19.295407,-99.113416,No
4870,apartment,MiguelHidalgo,USD,3650000.0,600.0,6083.0,19.400524,-99.230064,Yes
4883,apartment,MiguelHidalgo,USD,1673373.0,231.0,7244.0,19.4287384,-99.1894165,No
4908,house,MiguelHidalgo,USD,1275000.0,747.0,1707.0,19.405931,-99.2507755,Yes
4921,house,MiguelHidalgo,USD,5000000.0,1648.0,3034.0,19.4066702,-99.2278752,Yes
4924,apartment,MiguelHidalgo,USD,3088125.0,358.0,8626.0,19.407269,-99.190754,No
4926,house,Tlalpan,USD,1130000.0,628.0,1799.0,19.286903,-99.1672076,Yes
4927,house,BenitoJuarez,MXN,1053980.0,358.0,2944.0,19.3876226,-99.1853633,No
4955,house,AlvaroObregon,MXN,2213357.0,874.0,2532.0,19.3234957,-99.210996,No
4971,house,Cuajimalpa,USD,4700000.0,796.0,5905.0,19.352129,-99.276293,No
4973,apartment,MiguelHidalgo,USD,1614122.0,251.0,6431.0,19.4354835,-99.2106606,No
5025,apartment,MiguelHidalgo,USD,1315000.0,311.0,4228.0,19.4332386,-99.1933503,No
5028,house,MiguelHidalgo,USD,2600000.0,920.0,2826.0,19.401079,-99.24807,Yes
5033,house,AlvaroObregon,MXN,1844027.0,1200.0,1537.0,19.360235,-99.180964,No
5087,house,MiguelHidalgo,USD,1950000.0,560.0,3482.0,19.401079,-99.24807,No
5093,house,Cuajimalpa,USD,1600000.0,802.0,1995.0,19.390415,-99.254997,No
5097,apartment,MiguelHidalgo,USD,1983600.0,313.0,6337.0,19.407269,-99.190754,Yes
5119,apartment,MiguelHidalgo,USD,1368270.0,297.0,4607.0,19.435352,-99.210749,No
5131,apartment,Cuajimalpa,USD,1700000.0,402.0,4229.0,19.392937,-99.263313,No
5161,house,MiguelHidalgo,USD,4000000.0,1000.0,4000.0,19.400524,-99.230064,Yes
5170,house,MagdalenaContreras,MXN,1133028.0,1096.0,1034.0,19.327168,-99.224525,Yes
5214,apartment,MiguelHidalgo,USD,1850000.0,310.0,5968.0,19.407269,-99.190754,No
5220,house,MiguelHidalgo,MXN,721976.0,1250.0,578.0,19.401079,-99.24807,Yes
5268,apartment,MiguelHidalgo,USD,2100000.0,263.0,7985.0,19.434841,-99.194059,No
5269,house,Tlalpan,MXN,1053980.0,486.0,2169.0,19.301781,-99.20237,No
5302,house,MiguelHidalgo,USD,3000000.0,665.0,4511.0,19.412307,-99.186206,No
5336,apartment,MiguelHidalgo,USD,1127870.0,199.0,5668.0,19.4342032,-99.2063684,No
5345,apartment,MiguelHidalgo,USD,2000000.0,422.0,4739.0,19.430456,-99.1889121,No
5387,apartment,MiguelHidalgo,USD,1068000.0,178.0,6000.0,19.407269,-99.190754,No
5408,house,MiguelHidalgo,USD,2400000.0,750.0,3200.0,19.401079,-99.24807,Yes
5422,apartment,MiguelHidalgo,USD,1200000.0,553.0,2170.0,19.401079,-99.24807,No
5425,house,MiguelHidalgo,MXN,1753406.0,1000.0,1753.0,19.401079,-99.24807,No
5443,house,Coyoacan,USD,5000000.0,1307.0,3826.0,19.3437444,-99.1561883,Yes
5473,house,AlvaroObregon,USD,2000000.0,500.0,4000.0,23.634501,-102.552788,No
5513,apartment,MiguelHidalgo,USD,1150000.0,230.0,5000.0,19.407269,-99.190754,No
5530,apartment,AlvaroObregon,USD,1500000.0,450.0,3333.0,19.364099,-99.26406,No
5547,apartment,MiguelHidalgo,USD,1400000.0,450.0,3111.0,19.433173,-99.1863574,No
5569,apartment,MiguelHidalgo,MXN,1317162.0,249.0,5290.0,23.634501,-102.552788,No
5579,apartment,MiguelHidalgo,MXN,1001281.0,370.0,2706.0,19.407269,-99.190754,No
5596,apartment,MiguelHidalgo,MXN,1053730.0,250.0,4215.0,19.430134,-99.201383,No
5611,house,MiguelHidalgo,USD,1800000.0,391.0,4604.0,19.401657756,-99.2303148508,Yes
5631,house,MiguelHidalgo,USD,4200000.0,1121.0,3747.0,19.420166,-99.220367,Yes
5639,apartment,Cuauhtemoc,USD,2800000.0,674.0,4154.0,19.4443861297,-99.1508212905,No
5693,house,AlvaroObregon,MXN,908842.0,1158.0,785.0,19.3436746,-99.1869121,No
5707,house,AlvaroObregon,MXN,1396523.0,1265.0,1104.0,19.390806,-99.195413,Yes
5713,apartment,MiguelHidalgo,USD,2750000.0,320.0,8594.0,19.407269,-99.190754,No
5722,apartment,MiguelHidalgo,USD,1415000.0,255.0,5549.0,19.4332386,-99.1933503,No
5740,house,MagdalenaContreras,MXN,1396523.0,1900.0,735.0,19.3188165,-99.2379864,Yes
5742,apartment,Cuajimalpa,MXN,1159103.0,350.0,3312.0,19.364099,-99.26406,No
5747,apartment,MiguelHidalgo,USD,2595000.0,254.0,10217.0,19.407269,-99.190754,No
5784,house,AlvaroObregon,MXN,1527908.0,1200.0,1273.0,19.32926,-99.270241,No
5786,apartment,MiguelHidalgo,USD,1022490.0,166.0,6160.0,19.407269,-99.190754,Yes
5787,house,MiguelHidalgo,MXN,1633668.0,701.0,2330.0,19.401079,-99.24807,No
5795,apartment,MiguelHidalgo,USD,1171911.0,300.0,3906.0,19.4339975,-99.1909529,No
5816,apartment,Cuajimalpa,MXN,1849269.0,487.0,3797.0,19.35735,-99.299792,No
5881,apartment,MiguelHidalgo,USD,1020000.0,219.0,4658.0,23.634501,-102.552788,No
5886,house,MiguelHidalgo,USD,4000000.0,880.0,4545.0,19.407269,-99.190754,No
5890,house,Tlalpan,MXN,249114.0,1050.0,237.0,19.284672,-99.220367,No
5946,apartment,MiguelHidalgo,USD,1361000.0,207.0,6575.0,19.438316,-99.210794,No
5949,apartment,MiguelHidalgo,USD,1022490.0,166.0,6160.0,19.433077,-99.198212,No
5959,apartment,Cuauhtemoc,USD,2800000.0,726.0,3857.0,19.4400965,-99.1529456,No
5969,apartment,Cuajimalpa,USD,2700000.0,600.0,4500.0,19.3800745,-99.2658835,No
5996,apartment,MiguelHidalgo,USD,3400000.0,800.0,4250.0,19.3974232,-99.2322876,Yes
6008,house,Cuajimalpa,USD,4950000.0,3794.0,1305.0,19.3841246424,-99.2682632804,Yes
6014,apartment,MiguelHidalgo,USD,1350000.0,620.0,2177.0,19.396352,-99.256499,No
6021,house,Tlalpan,MXN,1212076.0,6710.0,181.0,19.2486236,-99.187689,Yes
6025,house,AlvaroObregon,MXN,1106416.0,900.0,1229.0,19.355921,-99.180214,No
6050,house,MiguelHidalgo,USD,1600000.0,500.0,3200.0,19.420166,-99.220367,No
6064,house,AlvaroObregon,MXN,2107459.0,855.0,2465.0,19.340625,-99.251804,No
6070,house,AlvaroObregon,USD,1500000.0,1200.0,1250.0,19.3870901,-99.2407996,Yes
6077,house,MiguelHidalgo,USD,2400000.0,830.0,2892.0,19.420166,-99.220367,Yes
6111,apartment,MiguelHidalgo,USD,2500000.0,433.0,5774.0,19.433077,-99.198212,No
6126,apartment,MiguelHidalgo,USD,3800000.0,734.0,5177.0,19.4346657953,-99.1872322981,No
6133,apartment,MiguelHidalgo,MXN,1291125.0,250.0,5164.0,19.433077,-99.198212,No
6138,house,AlvaroObregon,MXN,2213357.0,2037.0,1087.0,19.3605334,-99.2267067,Yes
6164,apartment,MiguelHidalgo,USD,1066000.0,248.0,4298.0,19.430456,-99.1889121,No
6211,apartment,MiguelHidalgo,USD,4140000.0,460.0,9000.0,19.4376344,-99.2099821,No
6220,apartment,MiguelHidalgo,USD,1812958.0,297.0,6104.0,19.4354835,-99.2106606,No
6223,house,MiguelHidalgo,USD,2300000.0,519.0,4432.0,19.399401,-99.237686,No
6226,apartment,MiguelHidalgo,USD,1669530.0,293.0,5698.0,19.429135,-99.201033,No
6243,apartment,MiguelHidalgo,USD,1300000.0,246.0,5285.0,19.407269,-99.190754,No
6249,apartment,MiguelHidalgo,USD,1450000.0,450.0,3222.0,19.401079,-99.24807,No
6280,apartment,Cuajimalpa,USD,1500000.0,480.0,3125.0,19.390415,-99.254997,No
6291,house,AlvaroObregon,MXN,1317474.0,800.0,1647.0,19.3605334,-99.2267067,Yes
6345,PH,MiguelHidalgo,MXN,1090313.0,251.0,4344.0,19.437185,-99.2031466,No
6346,house,Cuajimalpa,MXN,2371454.0,600.0,3952.0,19.382275,-99.270241,No
6386,house,Cuajimalpa,MXN,1106416.0,540.0,2049.0,19.388482,-99.250566,No
6403,apartment,MiguelHidalgo,USD,1126356.0,174.0,6473.0,23.634501,-102.552788,No
6414,house,Tlalpan,MXN,869327.0,1118.0,778.0,19.298608,-99.205227,No
6428,house,AlvaroObregon,MXN,2213357.0,1234.0,1794.0,19.3361523,-99.2596424,Yes
6437,house,MiguelHidalgo,USD,1550000.0,537.0,2886.0,19.420166,-99.220367,Yes
6445,house,Cuajimalpa,MXN,1580595.0,500.0,3161.0,19.355751,-99.299347,No
6446,house,MiguelHidalgo,USD,1050000.0,705.0,1489.0,19.399401,-99.237686,Yes
6447,apartment,Cuajimalpa,USD,4500000.0,873.0,5155.0,19.390415,-99.254997,No
6461,house,Tlalpan,MXN,1001043.0,1178.0,850.0,19.298846,-99.198698,No
6482,house,MagdalenaContreras,MXN,479166.0,1200.0,399.0,19.315025,-99.222945,No
6492,house,MiguelHidalgo,USD,1600000.0,173.0,9249.0,19.407269,-99.190754,No
6503,apartment,MiguelHidalgo,USD,1440016.0,233.0,6180.0,19.433077,-99.198212,No
6512,apartment,Cuajimalpa,USD,1400000.0,650.0,2154.0,19.35735,-99.299792,Yes
6531,store,Cuajimalpa,USD,4000000.0,500.0,8000.0,19.344017,-99.282167,No
6540,house,AlvaroObregon,MXN,1264775.0,847.0,1493.0,19.3551174,-99.2000959,Yes
6552,house,MiguelHidalgo,USD,1750000.0,666.0,2628.0,19.407269,-99.190754,Yes
6554,apartment,MiguelHidalgo,USD,1807000.0,254.0,7114.0,19.433077,-99.198212,No
6578,apartment,MiguelHidalgo,MXN,1631033.0,279.0,5846.0,19.407269,-99.190754,No
6611,house,AlvaroObregon,USD,2800000.0,1100.0,2545.0,19.3605334,-99.2267067,No
6613,house,MiguelHidalgo,USD,2400000.0,513.0,4678.0,19.4095028,-99.2272939,No
6617,house,AlvaroObregon,MXN,1011820.0,610.0,1659.0,19.371342,-99.253616,Yes
6643,apartment,MiguelHidalgo,USD,1300000.0,380.0,3421.0,23.634501,-102.552788,No
6652,apartment,MiguelHidalgo,USD,1500000.0,360.0,4167.0,19.401079,-99.24807,No
6689,apartment,MiguelHidalgo,USD,1642144.0,293.0,5605.0,19.4338054,-99.1922219,No
6707,apartment,MiguelHidalgo,USD,1076154.0,165.0,6522.0,23.634501,-102.552788,No
6720,apartment,MiguelHidalgo,USD,2200000.0,450.0,4889.0,19.4332386,-99.1933503,No
6767,apartment,Cuajimalpa,USD,2800000.0,600.0,4667.0,19.390415,-99.254997,No
6768,house,MiguelHidalgo,MXN,1264775.0,1000.0,1265.0,19.407269,-99.190754,Yes
6806,house,MiguelHidalgo,MXN,1580969.0,315.0,5019.0,19.4309816491,-99.1994404793,No
6834,apartment,MiguelHidalgo,MXN,1356411.0,307.0,4418.0,19.437185,-99.2031466,No
6857,apartment,MiguelHidalgo,USD,1222592.0,579.0,2112.0,19.407269,-99.190754,Yes
6889,apartment,MiguelHidalgo,MXN,1040558.0,207.0,5027.0,19.436693,-99.210841,No
6902,house,Cuajimalpa,MXN,842657.0,1363.0,618.0,19.35735,-99.299792,Yes
6948,house,MiguelHidalgo,USD,2050000.0,600.0,3417.0,19.401079,-99.24807,No
7043,apartment,Cuauhtemoc,MXN,1053980.0,350.0,3011.0,19.4299556,-99.1596735,No
7058,apartment,MiguelHidalgo,USD,1053676.0,245.0,4301.0,19.4357968,-99.2096407,No
7064,house,MiguelHidalgo,USD,1600000.0,650.0,2462.0,19.401079,-99.24807,No
7082,apartment,MiguelHidalgo,MXN,1259506.0,400.0,3149.0,19.407269,-99.190754,No
7099,apartment,MiguelHidalgo,MXN,1001043.0,200.0,5005.0,19.431066,-99.18732,No
7106,house,AlvaroObregon,MXN,1580595.0,700.0,2258.0,19.34667,-99.185144,No
7120,apartment,MiguelHidalgo,MXN,1264248.0,418.0,3025.0,19.433077,-99.198212,No
7125,house,Cuajimalpa,USD,1350000.0,1180.0,1144.0,19.35735,-99.299792,Yes
7126,house,AlvaroObregon,USD,1350000.0,1150.0,1174.0,19.32926,-99.270241,Yes
7132,apartment,MiguelHidalgo,USD,2900000.0,368.0,7880.0,19.407269,-99.190754,No
7150,apartment,MiguelHidalgo,USD,1200000.0,250.0,4800.0,19.407269,-99.190754,Yes
7151,house,MiguelHidalgo,USD,2200000.0,777.0,2831.0,19.409919,-99.2399247,Yes
7175,apartment,MiguelHidalgo,USD,1590000.0,310.0,5129.0,19.407269,-99.190754,Yes
7189,house,AlvaroObregon,USD,3200000.0,1200.0,2667.0,19.320576,-99.20929,No
7206,apartment,MiguelHidalgo,USD,1950000.0,540.0,3611.0,19.401079,-99.24807,No
7210,house,Cuajimalpa,USD,1250000.0,760.0,1645.0,19.3606268,-99.2997025,No
7226,house,Tlalpan,MXN,1370173.0,461.0,2972.0,19.2790911,-99.2114234,No
7247,house,Cuajimalpa,USD,1350000.0,522.0,2586.0,19.390415,-99.254997,No
7254,house,Tlalpan,MXN,2107459.0,300.0,7025.0,19.278983,-99.154497,No
7258,house,MiguelHidalgo,USD,3600000.0,1500.0,2400.0,19.4095028,-99.2272939,No
7269,apartment,MiguelHidalgo,USD,2000000.0,300.0,6667.0,19.427109,-99.190961,No
7271,apartment,MiguelHidalgo,USD,2446000.0,343.0,7131.0,19.433077,-99.198212,No
7288,house,MiguelHidalgo,USD,2975000.0,762.0,3904.0,19.420166,-99.220367,No
7302,house,Cuauhtemoc,MXN,579689.0,1005.0,577.0,19.461417,-99.1331631,Yes
7361,house,MiguelHidalgo,MXN,2476852.0,630.0,3932.0,19.420166,-99.220367,Yes
7362,house,Cuajimalpa,MXN,4110520.0,5236.0,785.0,19.35735,-99.299792,Yes
7377,house,Cuajimalpa,MXN,606038.0,1747.0,347.0,19.346780158,-99.2962360382,Yes
7387,apartment,MiguelHidalgo,USD,1400000.0,760.0,1842.0,19.407269,-99.190754,No
7408,apartment,Cuajimalpa,USD,4500000.0,630.0,7143.0,19.390415,-99.254997,Yes
7442,house,Cuauhtemoc,MXN,1949400.0,751.0,2596.0,19.41939,-99.162625,No
7460,apartment,MiguelHidalgo,USD,2300000.0,380.0,6053.0,19.4041673921,-99.2321205139,No
7464,house,MiguelHidalgo,USD,3400000.0,1260.0,2698.0,19.4105875,-99.2174179,No
7468,house,AlvaroObregon,MXN,2213357.0,1234.0,1794.0,19.3328908288,-99.2591229826,Yes
7475,apartment,MiguelHidalgo,USD,1731346.0,284.0,6096.0,19.4354835,-99.2106606,No
7477,apartment,AlvaroObregon,MXN,1422535.0,440.0,3233.0,19.346728,-99.203296,No
7512,apartment,MiguelHidalgo,USD,1200000.0,350.0,3429.0,19.407269,-99.190754,No
7517,apartment,MiguelHidalgo,USD,1100000.0,280.0,3929.0,19.407269,-99.190754,No
7523,apartment,MiguelHidalgo,USD,3800000.0,766.0,4961.0,19.420166,-99.220367,No
7585,apartment,AlvaroObregon,USD,3000000.0,677.0,4431.0,19.3635891,-99.2785151,No
7602,apartment,MiguelHidalgo,USD,1400000.0,330.0,4242.0,19.407269,-99.190754,No
7628,house,AlvaroObregon,USD,2795000.0,1110.0,2518.0,19.371342,-99.253616,Yes
7636,apartment,MiguelHidalgo,USD,2600000.0,600.0,4333.0,19.389926,-99.25315,No
7675,house,BenitoJuarez,MXN,1580595.0,695.0,2274.0,19.382853,-99.17463,No
7679,house,Tlalpan,MXN,1001281.0,778.0,1287.0,19.301781,-99.20237,No
7692,house,AlvaroObregon,MXN,1001043.0,690.0,1451.0,19.371342,-99.253616,No
7701,house,MiguelHidalgo,MXN,1264775.0,978.0,1293.0,19.407269,-99.190754,No
7732,apartment,MiguelHidalgo,USD,4500000.0,970.0,4639.0,19.400524,-99.230064,No
7832,apartment,Cuajimalpa,USD,1500000.0,350.0,4286.0,19.346188,-99.257248,No
7836,house,MiguelHidalgo,MXN,1897163.0,736.0,2578.0,19.2748810108,-99.1205996275,No
7881,apartment,MiguelHidalgo,USD,1350000.0,240.0,5625.0,19.433077,-99.198212,No
7883,apartment,Cuajimalpa,MXN,1527510.0,400.0,3819.0,19.35735,-99.299792,No
7896,apartment,MiguelHidalgo,USD,1390000.0,240.0,5792.0,19.407269,-99.190754,No
7925,house,Cuajimalpa,USD,3300000.0,1258.0,2623.0,19.390415,-99.254997,Yes
7937,house,AlvaroObregon,MXN,2160658.0,714.0,3026.0,19.390806,-99.195413,No
7997,apartment,MiguelHidalgo,USD,1250000.0,350.0,3571.0,19.407269,-99.190754,No
8019,house,AlvaroObregon,USD,2100000.0,1000.0,2100.0,19.322584426,-99.2117980868,No
8022,apartment,MiguelHidalgo,USD,1167576.0,178.0,6559.0,19.407269,-99.190754,Yes
8054,house,Coyoacan,USD,1150000.0,555.0,2072.0,19.348694,-99.16291,No
8055,apartment,MiguelHidalgo,MXN,3688054.0,800.0,4610.0,19.398503,-99.230973,No
8110,apartment,Cuajimalpa,USD,3000000.0,600.0,5000.0,19.345565,-99.26655,No
8130,apartment,Cuajimalpa,USD,1500000.0,350.0,4286.0,19.346647,-99.275787,No
8136,house,AlvaroObregon,MXN,2410407.0,650.0,3708.0,19.351912,-99.190111,No
8154,house,Cuajimalpa,MXN,1658571.0,630.0,2633.0,19.3904162,-99.2550003,No
8165,house,MiguelHidalgo,USD,1290000.0,1091.0,1182.0,19.407269,-99.190754,Yes
8195,house,AlvaroObregon,MXN,1001429.0,579.0,1730.0,19.3324656266,-99.2559626698,No
8211,house,AlvaroObregon,MXN,1053980.0,964.0,1093.0,19.390806,-99.195413,Yes
8217,apartment,MiguelHidalgo,USD,1151500.0,193.0,5966.0,19.407269,-99.190754,No
8233,house,AlvaroObregon,MXN,1364904.0,1300.0,1050.0,19.390806,-99.195413,Yes
8239,house,MiguelHidalgo,MXN,1427628.0,400.0,3569.0,19.430925,-99.209978,No
8300,house,Cuajimalpa,MXN,1475222.0,600.0,2459.0,19.376339,-99.270142,No
8310,house,AlvaroObregon,MXN,2370892.0,1312.0,1807.0,19.353921,-99.190427,No
8321,apartment,MiguelHidalgo,USD,1804235.0,280.0,6444.0,19.407269,-99.190754,Yes
8392,apartment,MiguelHidalgo,USD,1423654.0,309.0,4607.0,19.4338054,-99.1922219,No
8395,house,MiguelHidalgo,MXN,2002561.0,550.0,3641.0,19.3947191,-99.2472071,No
8412,house,Cuajimalpa,USD,2000000.0,620.0,3226.0,19.3904162,-99.2550003,No
8430,apartment,Cuajimalpa,MXN,1633668.0,360.0,4538.0,19.35735,-99.299792,No
8439,apartment,AlvaroObregon,USD,3000000.0,600.0,5000.0,19.390806,-99.195413,No
8441,house,MiguelHidalgo,USD,1500000.0,1000.0,1500.0,19.401079,-99.24807,No
8448,apartment,AlvaroObregon,MXN,1001281.0,506.0,1979.0,19.357464,-99.207909,No
8523,house,Tlalpan,MXN,247685.0,1020.0,243.0,19.2352214,-99.1642971,Yes
8536,apartment,MiguelHidalgo,MXN,1090869.0,218.0,5004.0,19.2464696,-99.1013498,No
8574,apartment,MiguelHidalgo,USD,1321000.0,365.0,3619.0,19.407269,-99.190754,Yes
8584,house,MiguelHidalgo,MXN,1001043.0,513.0,1951.0,19.413464,-99.231655,No
8610,house,Cuajimalpa,USD,1880000.0,630.0,2984.0,19.420156,-99.249458,No
8646,apartment,MiguelHidalgo,USD,1400000.0,270.0,5185.0,19.407269,-99.190754,No
8666,apartment,MiguelHidalgo,USD,5290000.0,434.0,12189.0,19.407269,-99.190754,No
8678,apartment,AlvaroObregon,MXN,1390542.0,363.0,3831.0,19.356881,-99.260185,No
8711,apartment,MiguelHidalgo,USD,1160000.0,214.0,5421.0,19.4368736,-99.1973268,Yes
8716,house,MiguelHidalgo,USD,2970000.0,1722.0,1725.0,19.407269,-99.190754,Yes
8717,apartment,MiguelHidalgo,USD,1950000.0,540.0,3611.0,19.3908901686,-99.2645967007,No
8746,house,Cuajimalpa,USD,3650000.0,985.0,3706.0,19.390415,-99.254997,Yes
8799,house,AlvaroObregon,MXN,1343505.0,1015.0,1324.0,19.320576,-99.20929,No
8804,house,AlvaroObregon,MXN,1106679.0,400.0,2767.0,19.390806,-99.195413,No
8842,house,AlvaroObregon,USD,1200000.0,390.0,3077.0,19.351912,-99.190111,No
8913,house,Tlalpan,MXN,147557.0,1450.0,102.0,19.199665,-99.153915,Yes
8924,apartment,MiguelHidalgo,USD,1305000.0,276.0,4728.0,19.4368736,-99.1973268,Yes
8937,apartment,MiguelHidalgo,USD,1281000.0,313.0,4093.0,19.407269,-99.190754,No
8973,apartment,MiguelHidalgo,USD,1055654.0,229.0,4610.0,19.4343221,-99.1856093,No
8982,house,MiguelHidalgo,USD,3000000.0,800.0,3750.0,19.407269,-99.190754,Yes
9023,apartment,Cuajimalpa,USD,3000000.0,600.0,5000.0,19.390415,-99.254997,No
9035,house,Tlahuac,MXN,1249888.0,9487.0,132.0,19.270566,-99.004846,No
9066,apartment,MiguelHidalgo,MXN,1053730.0,176.0,5987.0,19.427054,-99.191969,No
9087,apartment,Cuajimalpa,USD,1600000.0,586.0,2730.0,19.3569989934,-99.27444309,No
9104,apartment,MiguelHidalgo,USD,1600000.0,580.0,2759.0,19.420166,-99.220367,No
9110,house,AlvaroObregon,MXN,1844027.0,544.0,3390.0,19.366355,-99.253171,No
9112,store,VenustianoCarranza,USD,4000000.0,500.0,8000.0,19.548568,-99.137423,No
9149,house,AlvaroObregon,MXN,1738654.0,707.0,2459.0,19.352547,-99.181675,No
9160,apartment,Cuajimalpa,USD,1050000.0,377.0,2785.0,19.3904162,-99.2550003,No
9179,house,AlvaroObregon,MXN,2265519.0,1061.0,2135.0,19.32926,-99.270241,No
9180,house,AlvaroObregon,MXN,2002561.0,2643.0,758.0,19.320367,-99.2180351,Yes
9184,house,Cuajimalpa,MXN,1011580.0,610.0,1658.0,19.3619852,-99.2663861,No
9201,apartment,MiguelHidalgo,USD,1250000.0,360.0,3472.0,19.4132511,-99.2366543,No
9210,apartment,Cuajimalpa,USD,1400000.0,600.0,2333.0,19.393465,-99.25403,No
9213,apartment,Cuajimalpa,USD,1470000.0,325.0,4523.0,19.392937,-99.263313,No
9235,apartment,MiguelHidalgo,USD,1256420.0,203.0,6189.0,19.4338054,-99.1922219,No
9276,apartment,MiguelHidalgo,USD,1900000.0,440.0,4318.0,19.401079,-99.24807,No
9286,apartment,Cuajimalpa,USD,1200000.0,500.0,2400.0,19.3843598183,-99.2532643676,No
9294,store,Azcapotzalco,USD,4000000.0,500.0,8000.0,19.486397,-99.117309,No
9325,apartment,MiguelHidalgo,USD,1250000.0,275.0,4545.0,19.407269,-99.190754,No
9326,apartment,MiguelHidalgo,USD,3600000.0,335.0,10746.0,19.433077,-99.198212,No
9355,apartment,MiguelHidalgo,USD,1433500.0,282.0,5083.0,19.407269,-99.190754,No
9356,house,MiguelHidalgo,USD,5700000.0,2232.0,2554.0,19.4034814,-99.2456791,No
9366,house,AlvaroObregon,MXN,878811.0,1068.0,823.0,19.324226,-99.211615,No
9375,house,Cuajimalpa,USD,1600000.0,484.0,3306.0,19.35735,-99.299792,No
9382,apartment,MiguelHidalgo,USD,4000000.0,580.0,6897.0,19.4081535,-99.2306612,No
9393,apartment,MiguelHidalgo,USD,1064250.0,187.0,5691.0,19.407269,-99.190754,Yes
9473,store,Cuauhtemoc,USD,4000000.0,500.0,8000.0,19.548568,-99.137423,No
9494,house,MiguelHidalgo,MXN,1159378.0,900.0,1288.0,19.401079,-99.24807,No
9514,apartment,MiguelHidalgo,USD,2174208.0,339.0,6414.0,19.407269,-99.190754,Yes
9548,house,AlvaroObregon,MXN,1275198.0,317.0,4023.0,19.371342,-99.253616,No
9556,house,MiguelHidalgo,USD,1650000.0,700.0,2357.0,19.381704,-99.2218219,No
9706,house,MiguelHidalgo,USD,1300000.0,612.0,2124.0,19.3953975,-99.2477095,Yes
9750,store,AlvaroObregon,USD,2317309.0,657.0,3527.0,19.3446502,-99.1884795,No
9755,house,Tlalpan,MXN,297722.0,1124.0,265.0,19.248758,-99.173294,Yes
9761,house,MiguelHidalgo,MXN,1501565.0,1000.0,1502.0,19.401079,-99.24807,No
9766,house,AlvaroObregon,USD,2670000.0,854.0,3126.0,19.346523,-99.191292,Yes
9768,apartment,MiguelHidalgo,USD,1990000.0,500.0,3980.0,19.407269,-99.190754,No
9814,house,Cuajimalpa,USD,1750000.0,430.0,4070.0,19.3919021903,-99.2553806305,No
9926,apartment,MiguelHidalgo,USD,1800000.0,220.0,8182.0,19.432023,-99.1949532,No
9945,house,AlvaroObregon,MXN,2160146.0,1000.0,2160.0,19.358585,-99.185753,No
9953,house,AlvaroObregon,USD,1200000.0,835.0,1437.0,19.390806,-99.195413,No
9956,house,Coyoacan,MXN,1185727.0,370.0,3205.0,19.347502,-99.171906,No
9959,house,AlvaroObregon,MXN,1527908.0,850.0,1798.0,19.372369,-99.246744,No
9981,house,Cuajimalpa,MXN,1317162.0,757.0,1740.0,19.35735,-99.299792,No
9990,apartment,Cuajimalpa,USD,1500000.0,420.0,3571.0,19.35735,-99.299792,No
9999,house,Cuajimalpa,USD,2200000.0,859.0,2561.0,19.382275,-99.270241,Yes
10034,house,AlvaroObregon,MXN,2002561.0,1234.0,1623.0,19.333310968,-99.2579206824,Yes
10039,house,MiguelHidalgo,USD,1500000.0,850.0,1765.0,19.410765,-99.241244,No
10051,house,MiguelHidalgo,MXN,1327699.0,220.0,6035.0,19.428587,-99.207643,No
10059,apartment,MiguelHidalgo,USD,1453325.0,291.0,4994.0,19.4330857,-99.2005645,No
10086,house,Cuajimalpa,USD,1400000.0,332.0,4217.0,19.382275,-99.270241,No
10117,house,AlvaroObregon,USD,2800000.0,1200.0,2333.0,19.320576,-99.20929,Yes
10136,house,Cuajimalpa,MXN,1106679.0,760.0,1456.0,19.390415,-99.254997,Yes
10142,apartment,Cuajimalpa,USD,1790000.0,740.0,2419.0,19.390415,-99.254997,No
10152,house,Tlalpan,MXN,790485.0,3000.0,263.0,19.288275,-99.167125,Yes
10164,apartment,MiguelHidalgo,USD,1068000.0,180.0,5933.0,19.407269,-99.190754,No
10196,apartment,MiguelHidalgo,USD,1500000.0,600.0,2500.0,19.3977394084,-99.2363927372,No
10229,house,Cuajimalpa,MXN,1093245.0,2900.0,377.0,19.3470575,-99.2965778,No
10249,apartment,MiguelHidalgo,USD,1695000.0,287.0,5906.0,19.407269,-99.190754,No
10253,house,Cuajimalpa,MXN,1106679.0,780.0,1419.0,19.390415,-99.254997,Yes
10262,apartment,MiguelHidalgo,USD,1350000.0,240.0,5625.0,19.407269,-99.190754,No
10279,store,Azcapotzalco,MXN,1317162.0,560.0,2352.0,19.464928,-99.180214,No
10281,apartment,MiguelHidalgo,USD,1400000.0,221.0,6335.0,19.429852,-99.181946,No
10305,apartment,MiguelHidalgo,USD,1680000.0,407.0,4128.0,19.407269,-99.190754,No
10306,house,AlvaroObregon,MXN,1686367.0,786.0,2146.0,19.320576,-99.20929,No
10309,house,Cuajimalpa,USD,3250000.0,980.0,3316.0,19.375648,-99.272899,No
10318,house,Cuajimalpa,USD,1220000.0,620.0,1968.0,19.35735,-99.299792,Yes
10346,apartment,Cuajimalpa,USD,1600000.0,543.0,2947.0,19.3609821,-99.2686522,No
10365,apartment,MiguelHidalgo,USD,1614121.0,250.0,6456.0,19.407269,-99.190754,Yes
10397,apartment,Cuajimalpa,USD,1250000.0,360.0,3472.0,19.390415,-99.254997,No
10408,apartment,MiguelHidalgo,USD,4500000.0,600.0,7500.0,19.420166,-99.220367,No
10424,house,AlvaroObregon,USD,1550000.0,504.0,3075.0,19.3470498,-99.2561694,Yes
10432,apartment,MiguelHidalgo,USD,1490000.0,257.0,5798.0,19.407269,-99.190754,No
10439,apartment,MiguelHidalgo,USD,1100000.0,200.0,5500.0,19.4334011,-99.1873074,No
10441,apartment,MiguelHidalgo,USD,1150000.0,212.0,5425.0,19.4368736,-99.1973268,Yes
10448,house,Tlalpan,MXN,1317474.0,1288.0,1023.0,19.288275,-99.167125,No
10464,apartment,Tlalpan,MXN,2898444.0,631.0,4593.0,19.2790911,-99.2114234,No
10466,house,Cuajimalpa,MXN,1897163.0,500.0,3794.0,19.3606958345,-99.2679427983,Yes
10472,apartment,MiguelHidalgo,USD,1239500.0,215.0,5765.0,19.4351765,-99.2004541,No
10474,apartment,MiguelHidalgo,USD,1450000.0,447.0,3244.0,19.407269,-99.190754,No
10487,apartment,Cuajimalpa,USD,1150000.0,360.0,3194.0,19.35735,-99.299792,No
10493,apartment,MiguelHidalgo,USD,1200000.0,400.0,3000.0,19.407269,-99.190754,No
10521,house,MiguelHidalgo,USD,5000000.0,1100.0,4545.0,19.398049,-99.252857,No
10532,house,MiguelHidalgo,MXN,1159378.0,820.0,1414.0,19.401079,-99.24807,Yes
10568,apartment,MiguelHidalgo,USD,2124524.0,293.0,7251.0,19.4354835,-99.2106606,No
10570,apartment,MiguelHidalgo,USD,1164500.0,224.0,5199.0,19.407269,-99.190754,No
10571,apartment,MiguelHidalgo,USD,2300000.0,380.0,6053.0,19.404162,-99.231949,No
10597,house,MiguelHidalgo,USD,2400000.0,1200.0,2000.0,19.2464696,-99.1013498,Yes
10615,house,AlvaroObregon,MXN,1527908.0,715.0,2137.0,19.320053,-99.210414,No
10632,apartment,MiguelHidalgo,USD,1800000.0,790.0,2278.0,19.3842121,-99.2654216,No
10639,house,AlvaroObregon,MXN,1696907.0,980.0,1732.0,19.320576,-99.20929,No
10651,house,AlvaroObregon,MXN,1454492.0,500.0,2909.0,19.3605334,-99.2267067,Yes
10655,apartment,MiguelHidalgo,USD,1306000.0,193.0,6767.0,19.435359,-99.210742,No
10665,house,AlvaroObregon,MXN,1554620.0,705.0,2205.0,19.3529057,-99.1961354,Yes
10686,house,AlvaroObregon,MXN,1317162.0,1100.0,1197.0,19.320576,-99.20929,No
10700,house,AlvaroObregon,MXN,1343824.0,763.0,1761.0,19.321035,-99.2047356,Yes
10711,apartment,MiguelHidalgo,USD,1090000.0,219.0,4977.0,19.407269,-99.190754,No
10740,apartment,Cuajimalpa,MXN,2897757.0,470.0,6165.0,19.353077,-99.262659,No
10747,house,MiguelHidalgo,USD,1800000.0,497.0,3622.0,19.407269,-99.190754,No
10752,apartment,MiguelHidalgo,USD,2250000.0,800.0,2812.0,19.4230086643,-99.2229752538,Yes
10796,house,Cuajimalpa,USD,1200000.0,670.0,1791.0,19.35735,-99.299792,No
10819,apartment,MiguelHidalgo,USD,3400000.0,815.0,4172.0,19.3975785,-99.2300641,No
10839,apartment,MiguelHidalgo,USD,1700000.0,258.0,6589.0,19.4318149,-99.1940586,No
10879,apartment,MiguelHidalgo,MXN,2265519.0,390.0,5809.0,19.407269,-99.190754,Yes
10892,house,Cuajimalpa,MXN,1685967.0,1000.0,1686.0,19.3888453,-99.2548465,No
10949,house,MiguelHidalgo,USD,4500000.0,1200.0,3750.0,19.407269,-99.190754,Yes
10955,house,AlvaroObregon,MXN,2582250.0,1620.0,1594.0,19.3310745,-99.198584,Yes
10962,house,AlvaroObregon,MXN,1844027.0,2115.0,872.0,19.320576,-99.20929,No
10975,house,MiguelHidalgo,MXN,1238426.0,628.0,1972.0,19.401079,-99.24807,Yes
10986,house,AlvaroObregon,MXN,2739697.0,800.0,3425.0,19.346728,-99.203296,No
11007,apartment,MiguelHidalgo,USD,1100000.0,500.0,2200.0,19.407269,-99.190754,No
11014,apartment,Cuajimalpa,USD,1250000.0,705.0,1773.0,19.35735,-99.299792,No
11050,apartment,MiguelHidalgo,USD,1800000.0,337.0,5341.0,19.430101,-99.182486,No
11073,house,MiguelHidalgo,USD,4600000.0,790.0,5823.0,19.420166,-99.220367,No
11076,apartment,BenitoJuarez,USD,1091141.0,207.0,5271.0,19.3655409812,-99.1804758087,No
11115,house,Azcapotzalco,MXN,785029.0,4000.0,196.0,19.484102,-99.18436,No
11123,apartment,MiguelHidalgo,USD,5000000.0,1000.0,5000.0,19.400524,-99.230064,Yes
11137,store,Coyoacan,MXN,1949862.0,2684.0,726.0,19.3183624603,-99.1583404542,No
11148,apartment,MiguelHidalgo,USD,1490000.0,241.0,6183.0,19.407269,-99.190754,Yes
11157,house,MiguelHidalgo,MXN,1011820.0,800.0,1265.0,19.401079,-99.24807,No
11187,apartment,Cuajimalpa,MXN,3113918.0,617.0,5047.0,19.35735,-99.299792,No
11190,house,MiguelHidalgo,USD,1950000.0,700.0,2786.0,19.4267318,-99.2180753,No
11209,house,MiguelHidalgo,USD,3250000.0,1722.0,1887.0,19.4028209,-99.2335933,Yes
11218,house,Tlalpan,MXN,1053730.0,790.0,1334.0,19.276739,-99.152269,No
11230,house,AlvaroObregon,MXN,1844027.0,1000.0,1844.0,19.320576,-99.20929,No
11251,house,MagdalenaContreras,MXN,569149.0,1570.0,363.0,19.304898,-99.241515,Yes
11259,house,MiguelHidalgo,MXN,1053730.0,870.0,1211.0,19.401079,-99.24807,No
11261,apartment,MiguelHidalgo,USD,1100000.0,240.0,4583.0,19.4334659,-99.2041688,No
11269,house,MiguelHidalgo,USD,2500000.0,759.0,3294.0,19.401079,-99.24807,Yes
11303,house,MiguelHidalgo,MXN,1264476.0,433.0,2920.0,19.401079,-99.24807,No
11359,house,Tlalpan,MXN,474291.0,1360.0,349.0,19.2661923,-99.1480231,Yes
11367,house,Tlalpan,MXN,1686367.0,553.0,3049.0,19.3024064,-99.2018433,No
11378,apartment,Tlalpan,MXN,1185727.0,400.0,2964.0,19.2975321,-99.1964441,No
11386,apartment,MiguelHidalgo,USD,1731345.0,207.0,8364.0,19.407269,-99.190754,No
11396,apartment,MiguelHidalgo,USD,1250000.0,260.0,4808.0,19.43107,-99.185797,No
11401,apartment,MiguelHidalgo,USD,1800000.0,260.0,6923.0,19.407269,-99.190754,No
11408,house,Cuajimalpa,MXN,1422535.0,500.0,2845.0,19.332314,-99.325691,No
11421,apartment,MiguelHidalgo,MXN,1472587.0,241.0,6110.0,19.407269,-99.190754,No
11428,apartment,MiguelHidalgo,MXN,2371454.0,390.0,6081.0,19.407269,-99.190754,Yes
11458,house,Cuajimalpa,USD,4950000.0,3794.0,1305.0,19.35735,-99.299792,Yes
11459,house,MiguelHidalgo,USD,1860000.0,600.0,3100.0,19.403067,-99.230216,No
11483,apartment,MiguelHidalgo,USD,1200000.0,167.0,7186.0,19.407269,-99.190754,No
11544,house,MiguelHidalgo,USD,4200000.0,1206.0,3483.0,19.4207986566,-99.2237247544,Yes
11551,apartment,MiguelHidalgo,USD,2600000.0,523.0,4971.0,19.436054,-99.194785,No
11553,apartment,MiguelHidalgo,MXN,1090869.0,218.0,5004.0,19.4325719,-99.1934152,No
11566,house,MiguelHidalgo,USD,4000000.0,2075.0,1928.0,19.40403,-99.233528,Yes
11608,house,Tlalpan,USD,2000000.0,1400.0,1429.0,19.2953143768,-99.1775791347,Yes
11651,apartment,MiguelHidalgo,MXN,1083761.0,226.0,4795.0,23.634501,-102.552788,No
11675,apartment,MiguelHidalgo,USD,1250000.0,352.0,3551.0,19.401079,-99.24807,No
11711,house,MiguelHidalgo,USD,5308000.0,2000.0,2654.0,19.4168101,-99.229545,Yes
11726,house,Cuajimalpa,MXN,1434548.0,847.0,1694.0,19.3904162,-99.2550003,No
11729,apartment,Cuajimalpa,USD,2300000.0,680.0,3382.0,19.390415,-99.254997,No
11736,house,Cuauhtemoc,MXN,1027386.0,500.0,2055.0,19.41848,-99.15472,No
11738,apartment,MiguelHidalgo,USD,1380700.0,269.0,5133.0,19.4366477,-99.2004096,No
11740,apartment,Cuajimalpa,MXN,1369849.0,674.0,2032.0,19.386866,-99.255363,No
11785,apartment,MiguelHidalgo,USD,2124523.0,293.0,7251.0,19.407269,-99.190754,Yes
11808,house,MiguelHidalgo,MXN,6587372.0,2014.0,3271.0,19.420166,-99.220367,Yes
11848,apartment,MiguelHidalgo,USD,1850000.0,309.0,5987.0,19.433077,-99.198212,Yes
11868,house,Cuajimalpa,USD,1490000.0,426.0,3498.0,19.3917648,-99.2566869,No
11872,apartment,MiguelHidalgo,USD,1306012.0,193.0,6767.0,19.435388,-99.205894,No
11884,apartment,MiguelHidalgo,USD,1200000.0,170.0,7059.0,19.407269,-99.190754,No
11910,apartment,MiguelHidalgo,USD,2000000.0,380.0,5263.0,19.407269,-99.190754,No
11916,apartment,MiguelHidalgo,USD,4200000.0,800.0,5250.0,19.4019971,-99.2250979,No
11920,house,AlvaroObregon,MXN,1449222.0,800.0,1812.0,19.390806,-99.195413,Yes
11955,apartment,MiguelHidalgo,USD,1181622.0,302.0,3913.0,19.4304243,-99.1910037,No
11990,apartment,MiguelHidalgo,USD,1053676.0,229.0,4601.0,19.4354835,-99.2106606,No
12056,apartment,MiguelHidalgo,USD,1195000.0,263.0,4544.0,19.407269,-99.190754,No
12057,apartment,MiguelHidalgo,USD,1159043.0,229.0,5061.0,19.407269,-99.190754,Yes
12079,apartment,MiguelHidalgo,USD,1224898.0,229.0,5349.0,19.407269,-99.190754,Yes
12080,apartment,MiguelHidalgo,MXN,1264775.0,540.0,2342.0,19.2464696,-99.1013498,No
12117,house,Tlalpan,MXN,1053980.0,443.0,2379.0,19.288275,-99.167125,No
12122,apartment,MiguelHidalgo,USD,1147093.0,178.0,6444.0,19.4354835,-99.2106606,No
12128,house,MiguelHidalgo,MXN,1739066.0,600.0,2898.0,19.401079,-99.24807,No
12129,apartment,Cuajimalpa,USD,1900000.0,500.0,3800.0,19.35735,-99.299792,No
12130,house,AlvaroObregon,MXN,1844464.0,1000.0,1844.0,19.3172544,-99.2037972,No
12137,house,AlvaroObregon,MXN,1844464.0,701.0,2631.0,19.320576,-99.20929,No
12139,store,Cuauhtemoc,MXN,2212832.0,733.0,3019.0,19.4420536,-99.1606678,No
12171,apartment,MiguelHidalgo,USD,1500000.0,200.0,7500.0,19.407269,-99.190754,No
12207,apartment,MiguelHidalgo,USD,1426000.0,335.0,4257.0,19.2464696,-99.1013498,Yes
12212,apartment,MiguelHidalgo,USD,1211727.0,229.0,5291.0,19.407269,-99.190754,Yes
12264,house,AlvaroObregon,USD,1850000.0,550.0,3364.0,19.390806,-99.195413,No
12275,house,Cuajimalpa,MXN,1264775.0,700.0,1807.0,19.3827207,-99.2622691,No
12296,apartment,Cuajimalpa,USD,2000000.0,550.0,3636.0,19.390415,-99.254997,No
12317,house,Cuajimalpa,USD,1400000.0,1163.0,1204.0,19.382275,-99.270241,Yes
12340,apartment,MiguelHidalgo,USD,1932962.0,199.0,9713.0,19.4360809165,-99.2062103748,No
12344,apartment,MiguelHidalgo,USD,2463000.0,344.0,7160.0,19.433077,-99.198212,No
12351,apartment,AlvaroObregon,USD,1300000.0,400.0,3250.0,19.3738214762,-99.2454189062,No
12356,house,AlvaroObregon,MXN,1896713.0,1000.0,1897.0,19.318434,-99.204205,No
12376,store,Iztapalapa,MXN,339448.0,1758.0,193.0,19.325848,-99.075081,No
12400,house,Tlalpan,MXN,498005.0,3150.0,158.0,19.2466494,-99.1906671,Yes
12431,apartment,MiguelHidalgo,USD,1100000.0,220.0,5000.0,19.407269,-99.190754,No
12457,house,AlvaroObregon,MXN,1090610.0,887.0,1230.0,19.390806,-99.195413,No
12463,apartment,AlvaroObregon,MXN,1001043.0,329.0,3043.0,19.345484,-99.246781,No
12476,apartment,Cuajimalpa,USD,1500000.0,325.0,4615.0,19.392937,-99.263313,No
12490,house,MiguelHidalgo,MXN,1370173.0,769.0,1782.0,19.4133451,-99.2345135,Yes
12504,house,Cuajimalpa,MXN,1753406.0,730.0,2402.0,19.3904162,-99.2550003,No
12507,house,Cuajimalpa,USD,1219000.0,600.0,2032.0,19.38684,-99.255382,No
12520,house,Tlalpan,MXN,1185446.0,1288.0,920.0,19.250002,-99.182989,No
12531,apartment,MiguelHidalgo,MXN,1033704.0,230.0,4494.0,19.429925,-99.190627,No
12534,store,Cuauhtemoc,USD,2500000.0,1195.0,2092.0,19.440418,-99.138977,No
12584,house,MiguelHidalgo,MXN,1390923.0,525.0,2649.0,19.420166,-99.220367,Yes
12639,house,AlvaroObregon,MXN,1317162.0,880.0,1497.0,19.3871197,-99.2198411,No
12656,house,Cuauhtemoc,MXN,1290819.0,712.0,1813.0,19.439644,-99.139649,No
12691,apartment,MiguelHidalgo,USD,1885695.0,309.0,6103.0,19.407269,-99.190754,No
12704,apartment,Cuajimalpa,USD,1500000.0,350.0,4286.0,19.346092,-99.266393,No
12713,apartment,Cuajimalpa,MXN,1916011.0,527.0,3636.0,19.35735,-99.299792,No
12722,house,AlvaroObregon,USD,2450000.0,1240.0,1976.0,19.332001,-99.252579,Yes
12725,house,AlvaroObregon,MXN,1264476.0,380.0,3328.0,19.351912,-99.190111,No
12762,apartment,MiguelHidalgo,USD,1090000.0,211.0,5166.0,19.4368736,-99.1973268,Yes
12769,house,Tlalpan,MXN,1369849.0,780.0,1756.0,19.347502,-99.171906,No
12783,house,Cuauhtemoc,MXN,2055260.0,532.0,3863.0,19.4468279,-99.1594532,No
12792,apartment,Cuajimalpa,USD,1250000.0,360.0,3472.0,19.392937,-99.263313,No
12802,apartment,Cuajimalpa,MXN,2370892.0,800.0,2964.0,19.382275,-99.270241,Yes
12823,apartment,MiguelHidalgo,USD,1200000.0,350.0,3429.0,19.2464696,-99.1013498,No
12875,house,Tlalpan,MXN,1053730.0,995.0,1059.0,19.284397,-99.195494,No
12907,apartment,AlvaroObregon,USD,1673373.0,231.0,7244.0,19.33923,-99.218987,No
12921,house,AlvaroObregon,MXN,1317162.0,1100.0,1197.0,19.339992,-99.262319,No
12928,house,AlvaroObregon,MXN,1844464.0,1004.0,1837.0,19.320576,-99.20929,Yes
12932,apartment,MiguelHidalgo,USD,1800000.0,290.0,6207.0,23.634501,-102.552788,No
12933,apartment,MiguelHidalgo,USD,2600000.0,430.0,6047.0,19.407269,-99.190754,No
12994,house,AlvaroObregon,MXN,1422872.0,1430.0,995.0,19.3139049789,-99.2115680873,Yes
13014,house,MiguelHidalgo,USD,2100000.0,800.0,2625.0,19.398298,-99.226696,No
13015,apartment,MiguelHidalgo,USD,1380700.0,673.0,2052.0,19.407269,-99.190754,Yes
13019,apartment,MiguelHidalgo,MXN,1053730.0,196.0,5376.0,19.430766,-99.191251,No
13020,house,MiguelHidalgo,USD,6300000.0,2150.0,2930.0,19.3906531,-99.2586554,Yes
13041,apartment,MiguelHidalgo,MXN,1053730.0,176.0,5987.0,19.430766,-99.191251,No
13059,apartment,Cuajimalpa,MXN,2370892.0,682.0,3476.0,19.375564,-99.272916,No
13078,house,MiguelHidalgo,USD,3500000.0,1179.0,2969.0,19.397221,-99.23887,No
13083,apartment,MiguelHidalgo,USD,1256606.0,206.0,6100.0,19.2464696,-99.1013498,Yes
13097,apartment,AlvaroObregon,USD,1650000.0,877.0,1881.0,19.3863928,-99.2255625,Yes
13100,house,MiguelHidalgo,USD,2200000.0,800.0,2750.0,19.407269,-99.190754,Yes
13103,apartment,MiguelHidalgo,USD,1150000.0,170.0,6765.0,19.407269,-99.190754,No
13126,house,Cuajimalpa,USD,2000000.0,1350.0,1481.0,19.35735,-99.299792,Yes
13161,house,MiguelHidalgo,USD,3450000.0,545.0,6330.0,19.4311536508,-99.2106650211,Yes
13174,house,MiguelHidalgo,USD,1700000.0,640.0,2656.0,19.430169,-99.176457,No
13215,apartment,Cuajimalpa,USD,1200000.0,460.0,2609.0,19.355751,-99.299347,No
13224,house,AlvaroObregon,MXN,1159103.0,500.0,2318.0,19.352905,-99.196136,No
13248,house,MiguelHidalgo,USD,2850000.0,510.0,5588.0,19.383823,-99.254311,No
13270,house,Cuajimalpa,USD,2100000.0,900.0,2333.0,19.390336,-99.249235,No
13277,apartment,Cuajimalpa,MXN,1001281.0,258.0,3881.0,19.390415,-99.254997,No
13279,apartment,MiguelHidalgo,USD,1150000.0,170.0,6765.0,19.43615,-99.190585,No
13293,apartment,Cuajimalpa,USD,2400000.0,512.0,4688.0,19.390415,-99.254997,No
13319,apartment,Cuajimalpa,MXN,1159378.0,500.0,2319.0,19.390415,-99.254997,No
13324,apartment,MiguelHidalgo,USD,1812957.0,297.0,6104.0,19.407269,-99.190754,Yes
13339,apartment,Cuajimalpa,MXN,1660018.0,335.0,4955.0,19.35735,-99.299792,No
13345,house,AlvaroObregon,MXN,2634324.0,2000.0,1317.0,19.317906,-99.218523,No
13377,apartment,MiguelHidalgo,USD,1500000.0,630.0,2381.0,19.401079,-99.24807,No
13390,house,MiguelHidalgo,USD,1600000.0,500.0,3200.0,19.4019262,-99.2311912,No
13392,apartment,Cuajimalpa,MXN,1570430.0,400.0,3926.0,19.346188,-99.257248,No
13421,house,Tlalpan,MXN,1132759.0,776.0,1460.0,19.300034,-99.195626,No
13426,house,MiguelHidalgo,USD,1050000.0,460.0,2283.0,19.401079,-99.24807,No
13428,apartment,MiguelHidalgo,USD,1420000.0,440.0,3227.0,19.407269,-99.190754,No
13470,house,AlvaroObregon,USD,1600000.0,525.0,3048.0,19.390806,-99.195413,Yes
13484,house,MiguelHidalgo,USD,2000000.0,488.0,4098.0,19.401079,-99.24807,No
13519,apartment,MiguelHidalgo,USD,1280661.0,251.0,5102.0,19.407269,-99.190754,Yes
13530,house,Cuajimalpa,MXN,1159378.0,884.0,1312.0,19.3920488,-99.2552314,No
13540,house,MiguelHidalgo,USD,1750000.0,650.0,2692.0,19.401079,-99.24807,No
13543,house,AlvaroObregon,MXN,1317162.0,900.0,1464.0,19.320576,-99.20929,No
13547,apartment,AlvaroObregon,USD,1700000.0,560.0,3036.0,19.364099,-99.26406,No
13548,apartment,MiguelHidalgo,MXN,1475571.0,570.0,2589.0,19.420166,-99.220367,No
13563,house,Cuajimalpa,MXN,1106679.0,555.0,1994.0,19.390415,-99.254997,No
13601,apartment,AlvaroObregon,USD,1250000.0,447.0,2796.0,19.390806,-99.195413,No
13608,apartment,MiguelHidalgo,USD,1551000.0,282.0,5500.0,19.407269,-99.190754,No
13616,house,AlvaroObregon,MXN,1001043.0,640.0,1564.0,19.320576,-99.20929,No
13623,house,MiguelHidalgo,MXN,1290819.0,2450.0,527.0,19.400524,-99.230064,Yes
13637,house,MiguelHidalgo,USD,3800000.0,985.0,3858.0,19.401079,-99.24807,Yes
13669,apartment,MiguelHidalgo,USD,1600000.0,353.0,4533.0,19.407269,-99.190754,No
13680,house,AlvaroObregon,MXN,1949862.0,1176.0,1658.0,19.346523,-99.191292,Yes
13694,house,MiguelHidalgo,MXN,1101409.0,760.0,1449.0,19.401079,-99.24807,Yes
13709,apartment,MiguelHidalgo,USD,1800000.0,250.0,7200.0,19.4282002,-99.1862648,No
13727,house,MiguelHidalgo,USD,3300000.0,2203.0,1498.0,19.401079,-99.24807,Yes
13739,apartment,Cuajimalpa,USD,2250000.0,400.0,5625.0,19.390415,-99.254997,No
13745,house,MiguelHidalgo,USD,3000000.0,605.0,4959.0,19.407269,-99.190754,No
13765,house,Tlalpan,MXN,1290071.0,806.0,1601.0,19.301781,-99.20237,Yes
13797,store,Cuauhtemoc,MXN,2212832.0,733.0,3019.0,19.4392516,-99.1636051,No
13812,apartment,MiguelHidalgo,MXN,1064267.0,381.0,2793.0,19.4374339,-99.1870814,No
13813,apartment,Cuajimalpa,USD,1100000.0,380.0,2895.0,19.395424,-99.258068,No
13814,apartment,MiguelHidalgo,USD,2100000.0,320.0,6562.0,19.2464696,-99.1013498,No
13833,house,MiguelHidalgo,USD,2800000.0,700.0,4000.0,19.2464696,-99.1013498,No
13843,apartment,MiguelHidalgo,USD,3033000.0,586.0,5176.0,19.438316,-99.210794,No
13844,apartment,MiguelHidalgo,USD,1400000.0,364.0,3846.0,19.437045,-99.192255,No
13856,house,Iztapalapa,MXN,160694.0,1050.0,153.0,19.395473,-99.046986,No
13861,apartment,MiguelHidalgo,USD,1980000.0,413.0,4794.0,19.407269,-99.190754,Yes
13864,house,Cuajimalpa,USD,1500000.0,800.0,1875.0,19.35735,-99.299792,No
13930,house,MiguelHidalgo,USD,3650000.0,720.0,5069.0,19.399578,-99.244229,No
13977,house,AlvaroObregon,MXN,1317474.0,785.0,1678.0,19.3099346,-99.2131729,No
13991,apartment,MiguelHidalgo,USD,2400000.0,470.0,5106.0,19.431281,-99.201453,No
14018,house,Cuajimalpa,USD,1950000.0,620.0,3145.0,19.3772333,-99.276483,Yes
14047,house,Tlalpan,MXN,1053730.0,400.0,2634.0,19.298871,-99.208044,No
14082,house,Cuajimalpa,USD,2000000.0,500.0,4000.0,19.3464202,-99.2537956,Yes
14112,apartment,MiguelHidalgo,USD,1019992.0,219.0,4657.0,23.634501,-102.552788,No
14124,apartment,MiguelHidalgo,MXN,1575699.0,257.0,6131.0,19.407269,-99.190754,No
14125,apartment,MiguelHidalgo,MXN,1264476.0,462.0,2737.0,19.401079,-99.24807,No
14180,apartment,MiguelHidalgo,MXN,1001043.0,330.0,3033.0,19.407269,-99.190754,No
14184,house,AlvaroObregon,USD,2800000.0,1000.0,2800.0,19.3605334,-99.2267067,No
14185,apartment,Cuajimalpa,MXN,1164371.0,450.0,2587.0,19.386866,-99.253925,No
14201,house,MiguelHidalgo,MXN,1648033.0,1000.0,1648.0,19.401079,-99.24807,No
14210,house,AlvaroObregon,USD,1650000.0,690.0,2391.0,19.390806,-99.195413,No
14227,house,MiguelHidalgo,MXN,1844464.0,1000.0,1844.0,19.2464696,-99.1013498,No
14270,house,AlvaroObregon,MXN,1475571.0,1426.0,1035.0,19.3138847289,-99.2115466297,Yes
14272,house,Cuajimalpa,MXN,1580595.0,450.0,3512.0,19.382419,-99.263453,No
14276,apartment,MiguelHidalgo,USD,2381500.0,433.0,5500.0,19.407269,-99.190754,No
14281,house,Tlalpan,MXN,1580595.0,1080.0,1464.0,19.29095,-99.191536,No
14291,apartment,MiguelHidalgo,USD,2200000.0,450.0,4889.0,19.407269,-99.190754,Yes
14298,house,AlvaroObregon,USD,2000000.0,1347.0,1485.0,19.3488756029,-99.1918498278,Yes
14299,house,Coyoacan,MXN,1469953.0,1300.0,1131.0,19.349397,-99.148731,No
14352,house,MiguelHidalgo,MXN,1014917.0,740.0,1372.0,19.420166,-99.220367,No
14408,apartment,MiguelHidalgo,USD,1327330.0,199.0,6670.0,19.407269,-99.190754,No
14428,house,MiguelHidalgo,USD,2200000.0,630.0,3492.0,19.421996,-99.201593,No
14453,PH,MiguelHidalgo,USD,2256896.0,349.0,6467.0,19.4338054,-99.1922219,No
14459,apartment,MiguelHidalgo,USD,1181622.0,302.0,3913.0,19.407269,-99.190754,No
14465,store,MagdalenaContreras,MXN,1317162.0,800.0,1646.0,19.311710365,-99.2597150803,No
14466,house,Tlalpan,MXN,1185446.0,6440.0,184.0,19.2790911,-99.2114234,Yes
14490,apartment,BenitoJuarez,USD,1172665.0,252.0,4653.0,19.3655578,-99.1801033,No
14506,apartment,MiguelHidalgo,USD,2500000.0,460.0,5435.0,19.432566,-99.1926314,No
14545,house,AlvaroObregon,MXN,1106415.0,1116.0,991.0,19.3326724,-99.1983188,Yes
14557,house,MiguelHidalgo,MXN,1015158.0,740.0,1372.0,19.420166,-99.220367,No
14577,house,Cuajimalpa,MXN,1422535.0,675.0,2107.0,19.390415,-99.254997,No
14582,apartment,Cuauhtemoc,MXN,1264775.0,500.0,2530.0,19.438105,-99.155207,No
14606,house,MiguelHidalgo,USD,1800000.0,1225.0,1469.0,19.401079,-99.24807,No
14618,house,MiguelHidalgo,USD,1900000.0,1024.0,1855.0,19.40445,-99.248121,No
14650,house,AlvaroObregon,MXN,1738654.0,707.0,2459.0,19.357402,-99.181898,No
14728,apartment,MiguelHidalgo,USD,4000000.0,600.0,6667.0,19.420166,-99.220367,No
14732,house,Cuajimalpa,MXN,1434548.0,1110.0,1292.0,19.386275,-99.258668,No
14742,apartment,MiguelHidalgo,USD,1371500.0,201.0,6823.0,19.427759,-99.195619,No
14744,PH,MiguelHidalgo,USD,1588803.0,312.0,5092.0,19.4339975,-99.1909529,No
14757,house,Tlalpan,MXN,1001043.0,778.0,1287.0,19.2984301,-99.1990279,No
14764,store,Iztapalapa,MXN,2107459.0,4957.0,425.0,19.373101,-99.12273,No
14770,house,AlvaroObregon,USD,1500000.0,827.0,1814.0,19.324615,-99.211879,No
14785,house,Cuajimalpa,USD,4000000.0,600.0,6667.0,19.390415,-99.254997,No
14838,apartment,MiguelHidalgo,USD,1350000.0,620.0,2177.0,19.397157,-99.255691,No
14858,apartment,Tlalpan,MXN,1132501.0,570.0,1987.0,19.2695709,-99.2315505,Yes
14863,apartment,MiguelHidalgo,USD,1068000.0,178.0,6000.0,19.433077,-99.198212,No
14930,apartment,MiguelHidalgo,USD,1100000.0,220.0,5000.0,19.433077,-99.198212,No
14940,apartment,Cuajimalpa,USD,1600000.0,400.0,4000.0,19.392937,-99.263313,No
14955,apartment,MiguelHidalgo,USD,2550000.0,300.0,8500.0,19.407269,-99.190754,No
14959,house,AlvaroObregon,USD,2850000.0,579.0,4922.0,19.351912,-99.190111,No
15036,apartment,AlvaroObregon,MXN,1808102.0,360.0,5023.0,19.3767718109,-99.2540234327,No
15049,apartment,MiguelHidalgo,USD,1300000.0,226.0,5752.0,19.432398,-99.20047,No
15067,house,AlvaroObregon,MXN,1343824.0,764.0,1759.0,19.390806,-99.195413,No
15083,apartment,MiguelHidalgo,USD,1200000.0,215.0,5581.0,19.4330124,-99.1998014,No
15086,house,MiguelHidalgo,USD,3500000.0,1000.0,3500.0,19.401079,-99.24807,Yes
15098,house,AlvaroObregon,MXN,1448878.0,591.0,2452.0,19.348788,-99.205748,No
15124,house,AlvaroObregon,MXN,1262141.0,565.0,2234.0,19.3206961,-99.2176087,No
15129,apartment,MiguelHidalgo,MXN,1475571.0,315.0,4684.0,19.433077,-99.198212,Yes
15140,apartment,MiguelHidalgo,USD,1900000.0,340.0,5588.0,19.407269,-99.190754,No
15155,apartment,MiguelHidalgo,USD,1300000.0,575.0,2261.0,19.38666,-99.263477,No
15163,house,Cuajimalpa,MXN,1686367.0,965.0,1748.0,19.390415,-99.254997,No
15173,apartment,MiguelHidalgo,MXN,1211789.0,420.0,2885.0,19.4288635,-99.1909669,No
15179,house,Cuauhtemoc,MXN,6587372.0,2236.0,2946.0,19.441646,-99.151884,No
15192,apartment,Cuajimalpa,USD,1200000.0,500.0,2400.0,19.3843598183,-99.2532643676,No
15209,house,MiguelHidalgo,USD,1500000.0,650.0,2308.0,19.401079,-99.24807,No
15223,apartment,MiguelHidalgo,USD,1415000.0,326.0,4340.0,19.4332141,-99.1841539,No
15244,house,MiguelHidalgo,MXN,1685967.0,835.0,2019.0,19.4010793,-99.2480728,No
15271,house,Tlalpan,MXN,1369849.0,461.0,2971.0,19.298622,-99.191978,No
15274,house,AlvaroObregon,USD,3200000.0,1600.0,2000.0,19.3605334,-99.2267067,Yes
15281,apartment,MiguelHidalgo,USD,1700000.0,407.0,4177.0,19.4341322,-99.2040981,No
15298,apartment,MiguelHidalgo,USD,1415000.0,326.0,4340.0,19.407269,-99.190754,Yes
15319,house,AlvaroObregon,USD,1450000.0,839.0,1728.0,19.3272679467,-99.2661073207,Yes
15333,apartment,AlvaroObregon,MXN,1475571.0,400.0,3689.0,19.3611115,-99.1940586,No
15337,house,Coyoacan,MXN,1469953.0,1041.0,1412.0,19.350214,-99.162146,No
15369,house,MiguelHidalgo,USD,2000000.0,1300.0,1538.0,19.400046,-99.253814,No
15404,house,MiguelHidalgo,USD,1250000.0,750.0,1667.0,19.401079,-99.24807,Yes
15419,house,Cuajimalpa,MXN,1778169.0,900.0,1976.0,19.390536,-99.258467,No
15428,house,MiguelHidalgo,USD,1900000.0,1024.0,1855.0,19.405928,-99.248993,No
15449,house,MiguelHidalgo,USD,1660000.0,1778.0,934.0,19.407269,-99.190754,Yes
15451,apartment,MiguelHidalgo,USD,1100000.0,330.0,3333.0,19.436645,-99.192228,No
15485,apartment,MiguelHidalgo,USD,1019993.0,219.0,4658.0,19.4354835,-99.2106606,No
15541,house,Tlalpan,MXN,1738654.0,8285.0,210.0,19.288275,-99.167125,Yes
15566,apartment,MiguelHidalgo,USD,4500000.0,600.0,7500.0,19.430925,-99.209978,No
15589,house,Coyoacan,MXN,1043192.0,600.0,1739.0,19.337228,-99.165576,No
15613,apartment,MiguelHidalgo,USD,1975000.0,790.0,2500.0,19.401079,-99.24807,No
15624,apartment,MiguelHidalgo,USD,1731345.0,284.0,6096.0,19.407269,-99.190754,Yes
15631,house,Cuajimalpa,USD,1790000.0,600.0,2983.0,19.390415,-99.254997,No
15667,house,AlvaroObregon,USD,2800000.0,1200.0,2333.0,19.320576,-99.20929,Yes
15670,house,Cuauhtemoc,MXN,1264775.0,421.0,3004.0,19.4191495,-99.1595838,No
15683,apartment,MiguelHidalgo,USD,1351500.0,360.0,3754.0,19.4376344,-99.2099821,Yes
15703,house,Cuajimalpa,MXN,922013.0,1200.0,768.0,19.390415,-99.254997,No
15709,house,MiguelHidalgo,USD,1200000.0,1390.0,863.0,19.407269,-99.190754,Yes
15718,house,MiguelHidalgo,USD,1450000.0,215.0,6744.0,19.2464696,-99.1013498,No
15723,apartment,MiguelHidalgo,USD,1488000.0,700.0,2126.0,19.4049603986,-99.2512403726,No
15730,apartment,AlvaroObregon,USD,1300000.0,450.0,2889.0,19.369862,-99.268166,No
15739,apartment,AlvaroObregon,USD,1280000.0,220.0,5818.0,19.390806,-99.195413,No
15768,apartment,MiguelHidalgo,USD,1181622.0,302.0,3913.0,19.407269,-99.190754,Yes
15803,house,MiguelHidalgo,USD,4200000.0,1200.0,3500.0,19.407269,-99.190754,Yes
15827,house,Cuajimalpa,MXN,790485.0,1700.0,465.0,19.3557507,-99.2993504,Yes
15861,apartment,Cuajimalpa,USD,2600000.0,600.0,4333.0,19.3856955,-99.2583407,No
15892,apartment,MiguelHidalgo,USD,1500000.0,400.0,3750.0,19.407269,-99.190754,Yes
15895,house,MiguelHidalgo,USD,2800000.0,700.0,4000.0,19.4173649,-99.2130216,No
15897,apartment,MiguelHidalgo,USD,1300000.0,170.0,7647.0,19.430031,-99.199822,No
15933,house,MiguelHidalgo,USD,5000000.0,2000.0,2500.0,19.420166,-99.220367,Yes
15995,house,BenitoJuarez,MXN,1027630.0,372.0,2762.0,19.394073,-99.153915,No
16007,apartment,MiguelHidalgo,USD,1150000.0,170.0,6765.0,19.430456,-99.1889121,No
16022,house,AlvaroObregon,MXN,1053730.0,531.0,1984.0,19.32926,-99.270241,No
16024,apartment,MiguelHidalgo,USD,1200000.0,215.0,5581.0,19.407269,-99.190754,Yes
16035,house,AlvaroObregon,MXN,1517731.0,1000.0,1518.0,19.320576,-99.20929,Yes
16047,house,Cuajimalpa,MXN,1580595.0,634.0,2493.0,19.382419,-99.263453,No
16067,house,Cuauhtemoc,MXN,1370173.0,180.0,7612.0,19.405298,-99.164986,No
16076,apartment,MiguelHidalgo,MXN,2371454.0,260.0,9121.0,19.4282852,-99.1831702,No
16102,apartment,Cuajimalpa,USD,1500000.0,325.0,4615.0,19.3619852,-99.2663861,No
16126,apartment,Cuajimalpa,USD,1100000.0,400.0,2750.0,19.387762,-99.252596,No
16142,house,Tlalpan,MXN,1159103.0,1000.0,1159.0,19.276928,-99.212976,No
16149,house,AlvaroObregon,MXN,1159378.0,779.0,1488.0,19.3138772,-99.2098656,Yes
16253,apartment,MiguelHidalgo,USD,4200000.0,800.0,5250.0,19.400524,-99.230064,No
16261,apartment,MiguelHidalgo,USD,1550000.0,400.0,3875.0,19.407269,-99.190754,No
16297,apartment,MiguelHidalgo,MXN,1053730.0,303.0,3478.0,19.401079,-99.24807,No
16320,house,AlvaroObregon,MXN,1001043.0,690.0,1451.0,19.3715327,-99.2466824,No
16349,house,Cuajimalpa,MXN,2371454.0,1560.0,1520.0,19.412438,-99.2352725,Yes
16354,house,AlvaroObregon,USD,2820000.0,662.0,4260.0,19.346523,-99.191292,Yes
16377,store,AlvaroObregon,USD,1344103.0,327.0,4110.0,19.3446502,-99.1884795,No
16391,house,BenitoJuarez,MXN,1053730.0,500.0,2107.0,19.381729,-99.164986,No
16394,house,Xochimilco,MXN,658737.0,1555.0,424.0,19.263462,-99.104913,Yes
16396,house,Tlalpan,MXN,2107959.0,447.0,4716.0,19.3040658,-99.2262794,No
16401,house,Cuajimalpa,MXN,790485.0,3000.0,263.0,19.35735,-99.299792,Yes
16409,house,Cuajimalpa,USD,1280000.0,591.0,2166.0,19.39264,-99.25298,No
16445,house,Tlalpan,MXN,263432.0,1630.0,162.0,19.2344624,-99.1681244,No
16475,apartment,Cuajimalpa,MXN,1211789.0,200.0,6059.0,19.390415,-99.254997,No
16490,house,MiguelHidalgo,MXN,1426539.0,479.0,2978.0,19.420166,-99.220367,No
16513,apartment,Cuajimalpa,USD,1100000.0,459.0,2397.0,19.390415,-99.254997,No
16529,house,MiguelHidalgo,USD,3250000.0,1722.0,1887.0,19.420166,-99.220367,Yes
16531,apartment,MiguelHidalgo,USD,3400000.0,800.0,4250.0,19.420166,-99.220367,No
16535,house,AlvaroObregon,USD,3750000.0,3000.0,1250.0,19.390806,-99.195413,Yes
16549,store,Cuauhtemoc,USD,1200000.0,54.0,22222.0,19.441646,-99.151884,No
16569,house,AlvaroObregon,MXN,1013864.0,472.0,2148.0,19.390806,-99.195413,No
16584,apartment,MiguelHidalgo,USD,1500000.0,325.0,4615.0,19.401079,-99.24807,No
16589,house,AlvaroObregon,MXN,1185446.0,1100.0,1078.0,19.3205752,-99.2092897,Yes
16608,apartment,Cuauhtemoc,MXN,1580969.0,250.0,6324.0,19.4360237,-99.1546097,No
16617,house,MiguelHidalgo,MXN,1753406.0,980.0,1789.0,19.401079,-99.24807,No
16621,apartment,Cuajimalpa,USD,1946000.0,400.0,4865.0,19.382275,-99.270241,No
16622,apartment,MiguelHidalgo,USD,2400000.0,472.0,5085.0,19.433077,-99.198212,No
16643,apartment,Cuajimalpa,MXN,1053980.0,279.0,3778.0,19.3491793,-99.2591894,No
16678,apartment,MiguelHidalgo,USD,1256607.0,206.0,6100.0,19.4354835,-99.2106606,No
16691,house,Cuauhtemoc,MXN,3187646.0,100.0,31876.0,19.433229,-99.148535,No
16702,apartment,MiguelHidalgo,USD,2500000.0,523.0,4780.0,19.407269,-99.190754,No
16704,house,MiguelHidalgo,USD,1050000.0,705.0,1489.0,19.3970504,-99.2390458,Yes
16709,apartment,MiguelHidalgo,MXN,1263949.0,418.0,3024.0,19.4292092,-99.1900205,No
16720,apartment,Cuajimalpa,USD,1650000.0,580.0,2845.0,19.35735,-99.299792,No
16755,apartment,MiguelHidalgo,USD,2217920.0,346.0,6410.0,19.4338054,-99.1922219,Yes
16756,house,MiguelHidalgo,MXN,1580595.0,850.0,1860.0,19.410731,-99.239743,No
16758,house,MiguelHidalgo,USD,4700000.0,1121.0,4193.0,19.4234741031,-99.2137571052,Yes
16768,apartment,MiguelHidalgo,USD,1126356.0,174.0,6473.0,19.407269,-99.190754,Yes
16790,apartment,MiguelHidalgo,USD,1100000.0,480.0,2292.0,19.4010793,-99.2480728,No
16804,apartment,MiguelHidalgo,MXN,1580969.0,182.0,8687.0,19.407269,-99.190754,No
16816,apartment,MiguelHidalgo,USD,1052922.0,270.0,3900.0,19.4339975,-99.1909529,No
16839,house,Cuajimalpa,MXN,1106679.0,479.0,2310.0,19.35735,-99.299792,No
16843,apartment,MiguelHidalgo,USD,2500000.0,457.0,5470.0,19.2464696,-99.1013498,No
16845,house,Coyoacan,USD,1150000.0,506.0,2273.0,19.347502,-99.171906,No
16847,apartment,MiguelHidalgo,USD,1850000.0,650.0,2846.0,19.420166,-99.220367,No
16857,apartment,MiguelHidalgo,USD,2500000.0,325.0,7692.0,19.4299,-99.1992306,Yes
16862,apartment,Cuajimalpa,USD,1200000.0,321.0,3738.0,19.39344,-99.264859,No
16863,apartment,MiguelHidalgo,USD,2256896.0,352.0,6412.0,19.430456,-99.1889121,No
16898,house,MiguelHidalgo,USD,2800000.0,770.0,3636.0,19.4102021,-99.2256286,No
16908,house,AlvaroObregon,MXN,1159103.0,550.0,2107.0,19.3424567,-99.1986035,No
16920,apartment,Cuajimalpa,USD,1200000.0,450.0,2667.0,19.3701652255,-99.270250796,No
16934,apartment,AlvaroObregon,MXN,1248354.0,310.0,4027.0,19.383531,-99.233933,No
16943,apartment,AlvaroObregon,USD,1500000.0,275.0,5455.0,19.3585527672,-99.2816984653,No
16956,apartment,Cuajimalpa,USD,1150000.0,405.0,2840.0,19.3992009,-99.2568914,No
16982,apartment,MiguelHidalgo,USD,1082955.0,219.0,4945.0,19.407269,-99.190754,No
17000,house,Tlalpan,USD,1130000.0,628.0,1799.0,19.287188,-99.170525,Yes
17025,apartment,MiguelHidalgo,USD,1200000.0,325.0,3692.0,19.4329462382,-99.1872715209,No
17036,house,MiguelHidalgo,USD,2000000.0,750.0,2667.0,19.4207764,-99.1998943,No
17090,house,Tlalpan,MXN,1317162.0,5400.0,244.0,19.2790911,-99.2114234,Yes
17102,house,AlvaroObregon,MXN,1575326.0,1033.0,1525.0,19.3313924924,-99.257487841,Yes
17126,apartment,MiguelHidalgo,USD,1600000.0,450.0,3556.0,19.400524,-99.230064,No
17135,house,Cuajimalpa,USD,2500000.0,561.0,4456.0,19.35735,-99.299792,No
17175,house,Tlalpan,MXN,1159103.0,780.0,1486.0,19.301225,-99.191401,No
17176,house,Coyoacan,MXN,842984.0,6380.0,132.0,19.308363,-99.193255,No
17179,apartment,Cuauhtemoc,MXN,1448878.0,140.0,10349.0,19.422396,-99.167129,No
17196,apartment,MiguelHidalgo,USD,1380000.0,441.0,3129.0,19.401079,-99.24807,No
17225,apartment,MiguelHidalgo,USD,1500000.0,430.0,3488.0,19.435191,-99.208142,No
17227,house,MiguelHidalgo,USD,1700000.0,1020.0,1667.0,19.401079,-99.24807,No
17244,house,MiguelHidalgo,USD,2400000.0,600.0,4000.0,19.397653,-99.254791,No
17259,PH,MiguelHidalgo,USD,1297695.0,254.0,5109.0,19.4339975,-99.1909529,No
17262,house,AlvaroObregon,MXN,1001043.0,610.0,1641.0,19.3858358,-99.2417292,Yes
17301,house,AlvaroObregon,MXN,1119853.0,1700.0,659.0,19.3266706,-99.1959943,Yes
17362,house,Cuajimalpa,USD,1600000.0,591.0,2707.0,19.3925305,-99.2525927,No
17363,house,MiguelHidalgo,MXN,632238.0,1060.0,596.0,19.407774,-99.243416,No
17372,apartment,MiguelHidalgo,USD,1400000.0,360.0,3889.0,19.420166,-99.220367,No
17377,house,AlvaroObregon,MXN,1106416.0,390.0,2837.0,19.346728,-99.203296,No
17386,apartment,MiguelHidalgo,USD,1327230.0,199.0,6669.0,19.407269,-99.190754,No
17450,house,Tlalpan,MXN,1262210.0,780.0,1618.0,19.3017806,-99.2023662,No
17454,apartment,MiguelHidalgo,USD,1350000.0,270.0,5000.0,19.407269,-99.190754,No
17474,apartment,Cuajimalpa,MXN,1091215.0,320.0,3410.0,19.35759115,-99.2746496201,No
17502,apartment,MiguelHidalgo,USD,3078000.0,352.0,8744.0,19.407269,-99.190754,No
17523,house,MiguelHidalgo,MXN,1422535.0,800.0,1778.0,19.413594,-99.232076,No
17554,house,MiguelHidalgo,MXN,1234618.0,220.0,5612.0,19.42179,-99.222599,No
17556,house,MiguelHidalgo,USD,1890000.0,730.0,2589.0,19.407269,-99.190754,No
17558,apartment,MiguelHidalgo,USD,1050000.0,220.0,4773.0,19.407269,-99.190754,No
17559,house,Coyoacan,MXN,580078.0,1100.0,527.0,19.31352,-99.11109,No
17598,apartment,MiguelHidalgo,USD,1200000.0,427.0,2810.0,19.420166,-99.220367,No
17613,apartment,Cuajimalpa,USD,2800000.0,614.0,4560.0,19.3800745,-99.2658835,No
17617,house,MiguelHidalgo,USD,1490000.0,241.0,6183.0,19.2464696,-99.1013498,Yes
17638,house,MiguelHidalgo,USD,1750000.0,200.0,8750.0,19.4322767163,-99.18412406,No
17667,house,MiguelHidalgo,USD,2450000.0,822.0,2981.0,19.420166,-99.220367,Yes
17679,house,Cuajimalpa,USD,1790000.0,630.0,2841.0,19.35735,-99.299792,No
17682,house,Cuajimalpa,USD,1300000.0,652.0,1994.0,19.390415,-99.254997,No
17689,apartment,MiguelHidalgo,USD,1885695.0,315.0,5986.0,19.4287695,-99.1890902,No
17700,apartment,MiguelHidalgo,USD,2496000.0,348.0,7172.0,19.433077,-99.198212,No
17720,apartment,AlvaroObregon,MXN,1844464.0,800.0,2306.0,19.390806,-99.195413,No
17727,house,MiguelHidalgo,USD,1675000.0,600.0,2792.0,19.401079,-99.24807,No
17781,house,MiguelHidalgo,USD,2000000.0,513.0,3899.0,19.4267831,-99.2185954,No
17805,apartment,MiguelHidalgo,USD,1350216.0,189.0,7144.0,19.428465,-99.180148,No
17830,house,Cuauhtemoc,MXN,2740347.0,400.0,6851.0,19.441646,-99.151884,No
17850,house,MiguelHidalgo,USD,2100000.0,720.0,2917.0,19.407269,-99.190754,No
17856,house,Cuajimalpa,USD,1650000.0,690.0,2391.0,19.35735,-99.299792,No
17864,apartment,MiguelHidalgo,USD,1350000.0,280.0,4821.0,19.407269,-99.190754,Yes
17881,apartment,MiguelHidalgo,USD,3316875.0,553.0,5998.0,19.407269,-99.190754,Yes
17892,store,Iztapalapa,MXN,339487.0,1758.0,193.0,19.322292,-99.075107,No
17899,apartment,Cuajimalpa,USD,1100000.0,528.0,2083.0,19.3631419,-99.2880597,No
17900,house,MiguelHidalgo,USD,1800000.0,1100.0,1636.0,19.4036103,-99.2490825,No
17959,house,Coyoacan,MXN,1475571.0,820.0,1799.0,19.3442331525,-99.1557408875,No
17969,apartment,Cuajimalpa,MXN,1422535.0,325.0,4377.0,19.3445052,-99.2738167,No
17995,apartment,MiguelHidalgo,USD,1932962.0,348.0,5554.0,19.4342032,-99.2063684,No
18002,house,AlvaroObregon,MXN,1844027.0,1000.0,1844.0,19.3172892334,-99.2037963867,No
18032,apartment,MiguelHidalgo,USD,1900000.0,350.0,5429.0,19.4336394,-99.1871364,No
18054,house,AlvaroObregon,MXN,1101409.0,1608.0,685.0,19.3294964,-99.1972732,Yes
18057,apartment,MiguelHidalgo,MXN,1053980.0,196.0,5377.0,19.407269,-99.190754,No
18068,apartment,MiguelHidalgo,USD,1077500.0,226.0,4768.0,19.4351765,-99.2004541,No
18079,apartment,MiguelHidalgo,USD,1159043.0,229.0,5061.0,19.407269,-99.190754,Yes
18188,house,AlvaroObregon,MXN,1043192.0,1000.0,1043.0,19.3049373,-99.2377056,Yes
18203,apartment,MiguelHidalgo,USD,1886341.0,312.0,6046.0,19.4338054,-99.1922219,No
18219,apartment,Cuajimalpa,USD,3995000.0,600.0,6658.0,19.346647,-99.275787,No
